0,オンボロ風の壁,R,内観・外観：壁紙,,,,9,9,6.75,,ベーシック,－,スペシャル,オンボロ風の内観シリーズ
1,オンボロ風の床,R,内観・外観：床,,,,9,9,6.75,,ベーシック,－,スペシャル,オンボロ風の内観シリーズ
2,ウサギのぬいぐるみ,SSR,雑貨：小型雑貨,1,,,7,6,3.5,1.75,ユニーク,ポップ,ハーツラビュル,オリジナルぬいぐるみシリーズ
3,ハイエナたちのぬいぐるみ,SSR,雑貨：小型雑貨,1,,,7,6,3.5,1.75,ユニーク,ポップ,サバナクロー,オリジナルぬいぐるみシリーズ
4,ポリプスのぬいぐるみ,SSR,雑貨：小型雑貨,1,,,7,6,3.5,1.75,ユニーク,ポップ,オクタヴィネル,オリジナルぬいぐるみシリーズ
5,オウムのぬいぐるみ,SSR,雑貨：小型雑貨,1,,,7,6,3.5,1.75,ユニーク,ポップ,スカラビア,オリジナルぬいぐるみシリーズ
6,カラスのぬいぐるみ,SSR,雑貨：小型雑貨,1,,,7,6,3.5,1.75,ユニーク,ポップ,ポムフィオーレ,オリジナルぬいぐるみシリーズ
7,子分たちのぬいぐるみ,SSR,雑貨：小型雑貨,1,,,7,6,3.5,1.75,ユニーク,ポップ,イグニハイド,オリジナルぬいぐるみシリーズ
8,手下のぬいぐるみ,SSR,雑貨：小型雑貨,1,,,7,6,3.5,1.75,ユニーク,ポップ,ディアソムニア,オリジナルぬいぐるみシリーズ
9,ガラ・クチュール（レオナ）,SR,雑貨：小型雑貨,1,,,8,,6,,エレガント,－,なし,フェアリーガラシリーズ
10,妖精の鈴,SSR,家具：その他,2,,,12,,9,,エレガント,－,なし,フェアリーガラシリーズ
11,妖精たちの装飾（上）①,SR,内観・外観：前景,,,,14,,10.5,,エレガント,－,なし,フェアリーガラシリーズ
12,妖精たちの装飾（上）②,SR,内観・外観：前景,,,,14,,10.5,,エレガント,－,なし,フェアリーガラシリーズ
13,オンボロ風のラグ,R,装飾：ラグ,,9,,9,5,4.5,2.25,ベーシック,ポップ,スペシャル,－
14,オンボロ風の棚,R,家具：収納,1,,,5,5,3.75,,ベーシック,－,スペシャル,－
15,オンボロ風のライト,R,装飾：壁装飾,,,1,3,3,2.25,,ベーシック,－,スペシャル,－
16,オンボロ風のパーティション,R,装飾：パーティション,1,,,3,3,2.25,,ベーシック,－,スペシャル,－
17,ツナ缶タワー,R,雑貨：小型雑貨,1,,,3,3,2.25,,ベーシック,－,スペシャル,－
18,オンボロ風の本棚,SR,家具：収納,2,,,6,5,3,1.5,ベーシック,ポップ,スペシャル,－
19,オンボロ風の椅子,R,家具：椅子,1,,,5,5,3.75,,ベーシック,－,スペシャル,－
20,オンボロ風のソファ,SR,家具：椅子,1,,,4,4,2,1,ポップ,スタイリッシュ,スペシャル,－
21,オンボロ風の小さい机,R,家具：机,1,,,5,5,3.75,,ポップ,－,スペシャル,－
22,スタイリッシュな絵画（黒）,R,装飾：壁装飾,,,1,6,,4.5,,スタイリッシュ,－,なし,－
23,ベーシックなモノクロの絵画,R,装飾：壁装飾,,,1,6,,4.5,,ベーシック,－,なし,－
24,エレガントな金縁の絵画,R,装飾：壁装飾,,,1,6,,4.5,,エレガント,－,なし,－
25,ポップでカラフルな絵画,R,装飾：壁装飾,,,1,6,,4.5,,ポップ,－,なし,－
26,ユニークな抽象画,R,装飾：壁装飾,,,1,6,,4.5,,ユニーク,－,なし,－
27,スタイリッシュなライト（黒）,R,装飾：壁装飾,,,1,6,,4.5,,スタイリッシュ,－,なし,－
28,ベーシックなライト（黒）,R,装飾：壁装飾,,,1,6,,4.5,,ベーシック,－,なし,－
29,エレガントなライト（白）,R,装飾：壁装飾,,,1,6,,4.5,,エレガント,－,なし,－
30,ポップでカラフルなライト,R,装飾：壁装飾,,,1,6,,4.5,,ポップ,－,なし,－
31,ユニークなライト（白）,R,装飾：壁装飾,,,1,6,,4.5,,ユニーク,－,なし,－
32,スタイリッシュなパーティション（黒）,R,装飾：パーティション,1,,,6,,4.5,,スタイリッシュ,－,なし,－
33,ベーシックなパーティション（茶）,R,装飾：パーティション,1,,,6,,4.5,,ベーシック,－,なし,－
34,エレガントなパーティション,R,装飾：パーティション,1,,,6,,4.5,,エレガント,－,なし,－
35,ポップでカラフルなパーティション,R,装飾：パーティション,1,,,6,,4.5,,ポップ,－,なし,－
36,ユニークな曲がったパーティション,R,装飾：パーティション,1,,,6,,4.5,,ユニーク,－,なし,－
37,スタイリッシュなモビール（青）,R,家具：その他,1,,,6,,4.5,,スタイリッシュ,－,なし,－
38,ベーシックなゴム風船,R,家具：その他,1,,,6,,4.5,,ベーシック,－,なし,－
39,エレガントな鳥かご（金）,R,家具：その他,1,,,6,,4.5,,エレガント,－,なし,－
40,ポップでカラフルなモビール,R,家具：その他,1,,,6,,4.5,,ポップ,－,なし,－
41,ユニークなゴム風船,R,家具：その他,1,,,6,,4.5,,ユニーク,－,なし,－
42,スタイリッシュな大きな葉の観葉植物,R,家具：その他,1,,,6,,4.5,,スタイリッシュ,－,なし,－
43,ベーシックな革のトランクケース,R,家具：その他,1,,,6,,4.5,,ベーシック,－,なし,－
44,エレガントな映写機（白）,R,家具：その他,1,,,6,,4.5,,エレガント,－,なし,－
45,ポップでカラフルなボール,R,家具：その他,1,,,6,,4.5,,ポップ,－,なし,－
46,ユニークな机とゴーストカメラ,R,家具：その他,1,,,6,,4.5,,ユニーク,－,なし,－
47,スタイリッシュな椅子（黒）,R,家具：椅子,1,,,6,,4.5,,スタイリッシュ,－,なし,－
48,ベーシックな椅子（茶）,R,家具：椅子,1,,,6,,4.5,,ベーシック,－,なし,－
49,エレガントな椅子（白）,R,家具：椅子,1,,,6,,4.5,,エレガント,－,なし,－
50,ポップな椅子（ピンク）,R,家具：椅子,1,,,6,,4.5,,ポップ,－,なし,－
51,ユニークな曲がった椅子,R,家具：椅子,1,,,6,,4.5,,ユニーク,－,なし,－
52,スタイリッシュな小さい机,R,家具：机,1,,,6,,4.5,,スタイリッシュ,－,なし,－
53,ベーシックな小さい机,R,家具：机,1,,,6,,4.5,,ベーシック,－,なし,－
54,エレガントな小さい机,R,家具：机,1,,,6,,4.5,,エレガント,－,なし,－
55,ポップな小さい机,R,家具：机,1,,,6,,4.5,,ポップ,－,なし,－
56,ユニークな小さい机,R,家具：机,1,,,6,,4.5,,ユニーク,－,なし,－
57,オンボロ風の前景（上）①,R,内観・外観：前景,,,,6,6,3,1.5,ベーシック,ポップ,スペシャル,オンボロ風の内観シリーズ
58,オンボロ風の前景（上）②,R,内観・外観：前景,,,,6,6,3,1.5,ユニーク,ポップ,スペシャル,オンボロ風の内観シリーズ
59,オンボロ風の前景（下）①,R,内観・外観：前景,,,,6,6,3,1.5,ユニーク,ポップ,スペシャル,オンボロ風の内観シリーズ
60,オンボロ風の前景（下）②,R,内観・外観：前景,,,,6,6,3,1.5,ベーシック,ポップ,スペシャル,オンボロ風の内観シリーズ
61,オンボロ風の窓,R,装飾：壁装飾,,,1,3,3,2.25,,ベーシック,－,スペシャル,－
62,オンボロ風の壁装飾,R,装飾：壁装飾,,,2,4,4,3,,ベーシック,－,スペシャル,－
63,オンボロ風の棚（花）,R,家具：収納,1,,,3,3,2.25,,スタイリッシュ,－,スペシャル,－
64,オンボロ風の暖炉,SR,家具：その他,2,,,6,5,3,1.5,ベーシック,エレガント,スペシャル,－
65,オンボロ風の二人掛けソファ,SR,家具：椅子,2,,,6,5,3,1.5,ポップ,エレガント,スペシャル,－
66,オンボロ風の大きい机,SR,家具：机,6,,,8,8,4,2,ベーシック,ポップ,スペシャル,－
67,ゴーストたちのミニチュア像,SSR,雑貨：大型雑貨,3,,,6,8,3,1.5,ユニーク,ベーシック,スペシャル,－
68,スタイリッシュなふわふわのラグ,SR,装飾：ラグ,,9,,12,,9,,スタイリッシュ,－,なし,－
69,ベーシックなふわふわのラグ,SR,装飾：ラグ,,9,,12,,9,,ベーシック,－,なし,－
70,エレガントなふわふわのラグ,SR,装飾：ラグ,,9,,12,,9,,エレガント,－,なし,－
71,ポップなふわふわのラグ,SR,装飾：ラグ,,9,,12,,9,,ポップ,－,なし,－
72,ユニークなふわふわのラグ,SR,装飾：ラグ,,9,,12,,9,,ユニーク,－,なし,－
73,スタイリッシュなモノクロのシェルフ,SR,家具：収納,2,,,10,,7.5,,スタイリッシュ,－,なし,－
74,ベーシックなシェルフ（茶）,SR,家具：収納,2,,,10,,7.5,,ベーシック,－,なし,－
75,エレガントなキャビネット（白）,SR,家具：収納,2,,,10,,7.5,,エレガント,－,なし,－
76,ポップでカラフルな棚,SR,家具：収納,2,,,10,,7.5,,ポップ,－,なし,－
77,ユニークなデザイン棚,SR,家具：収納,2,,,10,,7.5,,ユニーク,－,なし,－
78,スタイリッシュな高級ソファ,SR,家具：椅子,1,,,8,,6,,スタイリッシュ,－,なし,－
79,ベーシックな高級ソファ,SR,家具：椅子,1,,,8,,6,,ベーシック,－,なし,－
80,エレガントな高級ソファ,SR,家具：椅子,1,,,8,,6,,エレガント,－,なし,－
81,ポップな高級ソファ,SR,家具：椅子,1,,,8,,6,,ポップ,－,なし,－
82,ユニークな高級ソファ,SR,家具：椅子,1,,,8,,6,,ユニーク,－,なし,－
83,ハーツラビュル風の小さい机,R,家具：机,1,,,4,4,3,,ベーシック,－,ハーツラビュル,－
84,サバナクロー風の小さい机,R,家具：机,1,,,4,4,3,,ポップ,－,サバナクロー,－
85,オクタヴィネル風の小さい机,R,家具：机,1,,,4,4,3,,エレガント,－,オクタヴィネル,－
86,スカラビア風の小さい机,R,家具：机,1,,,4,4,3,,ポップ,－,スカラビア,－
87,ポムフィオーレ風の小さい机,R,家具：机,1,,,4,4,3,,スタイリッシュ,－,ポムフィオーレ,－
88,イグニハイド風の小さい机,R,家具：机,1,,,4,4,3,,ユニーク,－,イグニハイド,－
89,ディアソムニア風の小さい机,R,家具：机,1,,,4,4,3,,ベーシック,－,ディアソムニア,－
90,ハーツラビュル風の椅子,R,家具：椅子,1,,,4,4,3,,ポップ,－,ハーツラビュル,－
91,サバナクロー風の椅子,R,家具：椅子,1,,,4,4,3,,ベーシック,－,サバナクロー,－
92,オクタヴィネル風の椅子,R,家具：椅子,1,,,4,4,3,,エレガント,－,オクタヴィネル,－
93,スカラビア風の椅子,R,家具：椅子,1,,,4,4,3,,ベーシック,－,スカラビア,－
94,ポムフィオーレ風の椅子,R,家具：椅子,1,,,4,4,3,,スタイリッシュ,－,ポムフィオーレ,－
95,イグニハイド風の椅子,R,家具：椅子,1,,,4,4,3,,スタイリッシュ,－,イグニハイド,－
96,ディアソムニア風の椅子,R,家具：椅子,1,,,4,4,3,,ベーシック,－,ディアソムニア,－
97,ハーツラビュル風の前景（上）①,SR,内観・外観：前景,,,,8,8,4,2,ベーシック,ポップ,ハーツラビュル,ハーツラビュル風の内観シリーズ
98,ハーツラビュル風の前景（上）②,SR,内観・外観：前景,,,,8,8,4,2,ユニーク,スタイリッシュ,ハーツラビュル,ハーツラビュル風の内観シリーズ
99,ハーツラビュル風の前景（下）①,SR,内観・外観：前景,,,,8,8,4,2,スタイリッシュ,ポップ,ハーツラビュル,ハーツラビュル風の内観シリーズ
100,ハーツラビュル風の前景（下）②,SR,内観・外観：前景,,,,8,8,4,2,ユニーク,ポップ,ハーツラビュル,ハーツラビュル風の内観シリーズ
101,サバナクロー風の前景（上）①,SR,内観・外観：前景,,,,8,8,4,2,ベーシック,エレガント,サバナクロー,サバナクロー風の内観シリーズ
102,サバナクロー風の前景（上）②,SR,内観・外観：前景,,,,8,8,4,2,ベーシック,エレガント,サバナクロー,サバナクロー風の内観シリーズ
103,サバナクロー風の前景（下）①,SR,内観・外観：前景,,,,8,8,4,2,ポップ,ベーシック,サバナクロー,サバナクロー風の内観シリーズ
104,サバナクロー風の前景（下）②,SR,内観・外観：前景,,,,8,8,4,2,ユニーク,ベーシック,サバナクロー,サバナクロー風の内観シリーズ
105,オクタヴィネル風の前景（上）①,SR,内観・外観：前景,,,,8,8,4,2,スタイリッシュ,エレガント,オクタヴィネル,オクタヴィネル風の内観シリーズ
106,オクタヴィネル風の前景（上）②,SR,内観・外観：前景,,,,8,8,4,2,ユニーク,エレガント,オクタヴィネル,オクタヴィネル風の内観シリーズ
107,オクタヴィネル風の前景（下）①,SR,内観・外観：前景,,,,8,8,4,2,エレガント,ユニーク,オクタヴィネル,オクタヴィネル風の内観シリーズ
108,オクタヴィネル風の前景（下）②,SR,内観・外観：前景,,,,8,8,4,2,スタイリッシュ,ベーシック,オクタヴィネル,オクタヴィネル風の内観シリーズ
109,スカラビア風の前景（上）①,SR,内観・外観：前景,,,,8,8,4,2,ポップ,ユニーク,スカラビア,スカラビア風の内観シリーズ
110,スカラビア風の前景（上）②,SR,内観・外観：前景,,,,8,8,4,2,ポップ,ユニーク,スカラビア,スカラビア風の内観シリーズ
111,スカラビア風の前景（下）①,SR,内観・外観：前景,,,,8,8,4,2,ポップ,スタイリッシュ,スカラビア,スカラビア風の内観シリーズ
112,スカラビア風の前景（下）②,SR,内観・外観：前景,,,,8,8,4,2,エレガント,ユニーク,スカラビア,スカラビア風の内観シリーズ
113,ポムフィオーレ風の前景（上）①,SR,内観・外観：前景,,,,8,8,4,2,エレガント,スタイリッシュ,ポムフィオーレ,ポムフィオーレ風の内観シリーズ
114,ポムフィオーレ風の前景（上）②,SR,内観・外観：前景,,,,8,8,4,2,エレガント,スタイリッシュ,ポムフィオーレ,ポムフィオーレ風の内観シリーズ
115,ポムフィオーレ風の前景（下）①,SR,内観・外観：前景,,,,8,8,4,2,ベーシック,エレガント,ポムフィオーレ,ポムフィオーレ風の内観シリーズ
116,ポムフィオーレ風の前景（下）②,SR,内観・外観：前景,,,,8,8,4,2,スタイリッシュ,ポップ,ポムフィオーレ,ポムフィオーレ風の内観シリーズ
117,イグニハイド風の前景（上）①,SR,内観・外観：前景,,,,8,8,4,2,スタイリッシュ,ユニーク,イグニハイド,イグニハイド風の内観シリーズ
118,イグニハイド風の前景（上）②,SR,内観・外観：前景,,,,8,8,4,2,スタイリッシュ,ユニーク,イグニハイド,イグニハイド風の内観シリーズ
119,イグニハイド風の前景（下）①,SR,内観・外観：前景,,,,8,8,4,2,ユニーク,ベーシック,イグニハイド,イグニハイド風の内観シリーズ
120,イグニハイド風の前景（下）②,SR,内観・外観：前景,,,,8,8,4,2,ベーシック,エレガント,イグニハイド,イグニハイド風の内観シリーズ
121,ディアソムニア風の前景（上）①,SR,内観・外観：前景,,,,8,8,4,2,ベーシック,スタイリッシュ,ディアソムニア,ディアソムニア風の内観シリーズ
122,ディアソムニア風の前景（上）②,SR,内観・外観：前景,,,,8,8,4,2,スタイリッシュ,ベーシック,ディアソムニア,ディアソムニア風の内観シリーズ
123,ディアソムニア風の前景（下）①,SR,内観・外観：前景,,,,8,8,4,2,スタイリッシュ,エレガント,ディアソムニア,ディアソムニア風の内観シリーズ
124,ディアソムニア風の前景（下）②,SR,内観・外観：前景,,,,8,8,4,2,ユニーク,スタイリッシュ,ディアソムニア,ディアソムニア風の内観シリーズ
125,ハーツラビュル風の床,SR,内観・外観：床,,,,12,12,6,3,ポップ,ユニーク,ハーツラビュル,ハーツラビュル風の内観シリーズ
126,サバナクロー風の床,SR,内観・外観：床,,,,12,12,6,3,ベーシック,エレガント,サバナクロー,サバナクロー風の内観シリーズ
127,オクタヴィネル風の床,SR,内観・外観：床,,,,12,12,6,3,ベーシック,スタイリッシュ,オクタヴィネル,オクタヴィネル風の内観シリーズ
128,スカラビア風の床,SR,内観・外観：床,,,,12,12,6,3,ポップ,スタイリッシュ,スカラビア,スカラビア風の内観シリーズ
129,ポムフィオーレ風の床,SR,内観・外観：床,,,,12,12,6,3,スタイリッシュ,エレガント,ポムフィオーレ,ポムフィオーレ風の内観シリーズ
130,イグニハイド風の床,SR,内観・外観：床,,,,12,12,6,3,ユニーク,エレガント,イグニハイド,イグニハイド風の内観シリーズ
131,ディアソムニア風の床,SR,内観・外観：床,,,,12,12,6,3,ベーシック,スタイリッシュ,ディアソムニア,ディアソムニア風の内観シリーズ
132,ハーツラビュル風の壁,SR,内観・外観：壁紙,,,,12,12,6,3,スタイリッシュ,ポップ,ハーツラビュル,ハーツラビュル風の内観シリーズ
133,サバナクロー風の壁,SR,内観・外観：壁紙,,,,12,12,6,3,ユニーク,ベーシック,サバナクロー,サバナクロー風の内観シリーズ
134,オクタヴィネル風の壁,SR,内観・外観：壁紙,,,,12,12,6,3,エレガント,ユニーク,オクタヴィネル,オクタヴィネル風の内観シリーズ
135,スカラビア風の壁,SR,内観・外観：壁紙,,,,12,12,6,3,エレガント,ポップ,スカラビア,スカラビア風の内観シリーズ
136,ポムフィオーレ風の壁,SR,内観・外観：壁紙,,,,12,12,6,3,エレガント,スタイリッシュ,ポムフィオーレ,ポムフィオーレ風の内観シリーズ
137,イグニハイド風の壁,SR,内観・外観：壁紙,,,,12,12,6,3,ユニーク,エレガント,イグニハイド,イグニハイド風の内観シリーズ
138,ディアソムニア風の壁,SR,内観・外観：壁紙,,,,12,12,6,3,スタイリッシュ,ユニーク,ディアソムニア,ディアソムニア風の内観シリーズ
139,スタイリッシュなチェスト（黒）,SR,家具：収納,2,,,10,,7.5,,スタイリッシュ,－,なし,－
140,ベーシックなチェスト（茶）,SR,家具：収納,2,,,10,,7.5,,ベーシック,－,なし,－
141,エレガントなチェスト（白）,SR,家具：収納,2,,,10,,7.5,,エレガント,－,なし,－
142,ポップでカラフルなチェスト,SR,家具：収納,2,,,10,,7.5,,ポップ,－,なし,－
143,ユニークなデザインチェスト,SR,家具：収納,2,,,10,,7.5,,ユニーク,－,なし,－
144,スタイリッシュなガラスの水槽,SR,家具：その他,2,,,10,,7.5,,スタイリッシュ,－,なし,－
145,ベーシックなレンガの花壇,SR,家具：その他,2,,,10,,7.5,,ベーシック,－,なし,－
146,エレガントな燭台（白）,SR,家具：その他,2,,,10,,7.5,,エレガント,－,なし,－
147,ポップでカラフルな箱,SR,家具：その他,2,,,10,,7.5,,ポップ,－,なし,－
148,ユニークな机とコーヒーメーカー,SR,家具：その他,2,,,10,,7.5,,ユニーク,－,なし,－
149,ハーツラビュル風の棚（花）,R,家具：収納,1,,,4,4,3,,ポップ,－,ハーツラビュル,－
150,サバナクロー風の棚（花）,R,家具：収納,1,,,4,4,3,,ポップ,－,サバナクロー,－
151,オクタヴィネル風の棚（花）,R,家具：収納,1,,,4,4,3,,ユニーク,－,オクタヴィネル,－
152,スカラビア風の棚（花）,R,家具：収納,1,,,4,4,3,,スタイリッシュ,－,スカラビア,－
153,ポムフィオーレ風の棚（花）,R,家具：収納,1,,,4,4,3,,エレガント,－,ポムフィオーレ,－
154,イグニハイド風の棚（花）,R,家具：収納,1,,,4,4,3,,エレガント,－,イグニハイド,－
155,ディアソムニア風の棚（花）,R,家具：収納,1,,,4,4,3,,ユニーク,－,ディアソムニア,－
156,ハーツラビュル風のソファ,SR,家具：椅子,1,,,6,5,3,1.5,ユニーク,エレガント,ハーツラビュル,－
157,サバナクロー風のソファ,SR,家具：椅子,1,,,6,5,3,1.5,ポップ,ベーシック,サバナクロー,－
158,オクタヴィネル風のソファ,SR,家具：椅子,1,,,6,5,3,1.5,ユニーク,ポップ,オクタヴィネル,－
159,スカラビア風のソファ,SR,家具：椅子,1,,,6,5,3,1.5,エレガント,ユニーク,スカラビア,－
160,ポムフィオーレ風のソファ,SR,家具：椅子,1,,,6,5,3,1.5,エレガント,ベーシック,ポムフィオーレ,－
161,イグニハイド風のソファ,SR,家具：椅子,1,,,6,5,3,1.5,ユニーク,ポップ,イグニハイド,－
162,ディアソムニア風のソファ,SR,家具：椅子,1,,,6,5,3,1.5,エレガント,ベーシック,ディアソムニア,－
163,ハーツラビュル風の大きい机,SSR,家具：机,6,,,11,10,5.5,2.75,スタイリッシュ,ベーシック,ハーツラビュル,－
164,サバナクロー風の大きい机,SSR,家具：机,6,,,11,10,5.5,2.75,ユニーク,エレガント,サバナクロー,－
165,オクタヴィネル風の大きい机,SSR,家具：机,6,,,11,10,5.5,2.75,エレガント,ベーシック,オクタヴィネル,－
166,スカラビア風の大きい机,SSR,家具：机,6,,,11,10,5.5,2.75,スタイリッシュ,ユニーク,スカラビア,－
167,ポムフィオーレ風の大きい机,SSR,家具：机,6,,,11,10,5.5,2.75,エレガント,ユニーク,ポムフィオーレ,－
168,イグニハイド風の大きい机,SSR,家具：机,6,,,11,10,5.5,2.75,エレガント,ポップ,イグニハイド,－
169,ディアソムニア風の大きい机,SSR,家具：机,6,,,11,10,5.5,2.75,スタイリッシュ,ポップ,ディアソムニア,－
170,スタイリッシュな大きい机,SR,家具：机,2,,,10,,7.5,,スタイリッシュ,－,なし,－
171,ベーシックな大きい机,SR,家具：机,2,,,10,,7.5,,ベーシック,－,なし,－
172,エレガントな大きい机,SR,家具：机,2,,,10,,7.5,,エレガント,－,なし,－
173,ポップな大きい机,SR,家具：机,2,,,10,,7.5,,ポップ,－,なし,－
174,ユニークな大きい机,SR,家具：机,2,,,10,,7.5,,ユニーク,－,なし,－
175,ハーツラビュル風のラグ,SR,装飾：ラグ,,9,,7,7,3.5,1.75,ベーシック,スタイリッシュ,ハーツラビュル,－
176,サバナクロー風のラグ,SR,装飾：ラグ,,9,,7,7,3.5,1.75,エレガント,ポップ,サバナクロー,－
177,オクタヴィネル風のラグ,SR,装飾：ラグ,,9,,7,7,3.5,1.75,スタイリッシュ,ポップ,オクタヴィネル,－
178,スカラビア風のラグ,SR,装飾：ラグ,,9,,7,7,3.5,1.75,ポップ,エレガント,スカラビア,－
179,ポムフィオーレ風のラグ,SR,装飾：ラグ,,9,,7,7,3.5,1.75,エレガント,ベーシック,ポムフィオーレ,－
180,イグニハイド風のラグ,SR,装飾：ラグ,,9,,7,7,3.5,1.75,スタイリッシュ,ベーシック,イグニハイド,－
181,ディアソムニア風のラグ,SR,装飾：ラグ,,9,,7,7,3.5,1.75,ベーシック,ポップ,ディアソムニア,－
182,ハーツラビュル風の本棚,SR,家具：収納,2,,,6,6,3,1.5,スタイリッシュ,エレガント,ハーツラビュル,－
183,サバナクロー風の本棚,SR,家具：収納,2,,,6,6,3,1.5,ベーシック,エレガント,サバナクロー,－
184,オクタヴィネル風の本棚,SR,家具：収納,2,,,6,6,3,1.5,スタイリッシュ,エレガント,オクタヴィネル,－
185,スカラビア風の本棚,SR,家具：収納,2,,,6,6,3,1.5,ポップ,ユニーク,スカラビア,－
186,ポムフィオーレ風の本棚,SR,家具：収納,2,,,6,6,3,1.5,スタイリッシュ,ポップ,ポムフィオーレ,－
187,イグニハイド風の本棚,SR,家具：収納,2,,,6,6,3,1.5,ポップ,ユニーク,イグニハイド,－
188,ディアソムニア風の本棚,SR,家具：収納,2,,,6,6,3,1.5,ベーシック,スタイリッシュ,ディアソムニア,－
189,スタイリッシュなホームシアターセット,SR,家具：その他,2,,,10,,7.5,,スタイリッシュ,－,なし,－
190,ベーシックな大型モニター,SR,家具：その他,2,,,10,,7.5,,ベーシック,－,なし,－
191,エレガントな弦楽器（白）,SR,家具：その他,2,,,10,,7.5,,エレガント,－,なし,－
192,ポップなポップコーンマシン,SR,家具：その他,2,,,10,,7.5,,ポップ,－,なし,－
193,ユニークな棚とオブジェ,SR,家具：その他,2,,,10,,7.5,,ユニーク,－,なし,－
194,ハーツラビュル風のパーティション,R,装飾：パーティション,1,,,4,4,3,,ユニーク,－,ハーツラビュル,－
195,サバナクロー風のパーティション,R,装飾：パーティション,1,,,4,4,3,,ベーシック,－,サバナクロー,－
196,オクタヴィネル風のパーティション,R,装飾：パーティション,1,,,4,4,3,,エレガント,－,オクタヴィネル,－
197,スカラビア風のパーティション,R,装飾：パーティション,1,,,4,4,3,,エレガント,－,スカラビア,－
198,ポムフィオーレ風のパーティション,R,装飾：パーティション,1,,,4,4,3,,エレガント,－,ポムフィオーレ,－
199,イグニハイド風のパーティション,R,装飾：パーティション,1,,,4,4,3,,ユニーク,－,イグニハイド,－
200,ディアソムニア風のパーティション,R,装飾：パーティション,1,,,4,4,3,,スタイリッシュ,－,ディアソムニア,－
201,ハーツラビュル風の二人掛けソファ,SSR,家具：椅子,2,,,8,7,4,2,エレガント,スタイリッシュ,ハーツラビュル,－
202,サバナクロー風の二人掛けソファ,SSR,家具：椅子,2,,,8,7,4,2,エレガント,ユニーク,サバナクロー,－
203,オクタヴィネル風の二人掛けソファ,SSR,家具：椅子,2,,,8,7,4,2,スタイリッシュ,ベーシック,オクタヴィネル,－
204,スカラビア風の二人掛けソファ,SSR,家具：椅子,2,,,8,7,4,2,ポップ,ベーシック,スカラビア,－
205,ポムフィオーレ風の二人掛けソファ,SSR,家具：椅子,2,,,8,7,4,2,エレガント,スタイリッシュ,ポムフィオーレ,－
206,イグニハイド風の二人掛けソファ,SSR,家具：椅子,2,,,8,7,4,2,ユニーク,ポップ,イグニハイド,－
207,ディアソムニア風の二人掛けソファ,SSR,家具：椅子,2,,,8,7,4,2,スタイリッシュ,ユニーク,ディアソムニア,－
208,ハーツラビュル風の窓,SR,装飾：壁装飾,,,1,6,5,3,1.5,ポップ,ベーシック,ハーツラビュル,－
209,サバナクロー風の窓,SR,装飾：壁装飾,,,1,6,5,3,1.5,ポップ,スタイリッシュ,サバナクロー,－
210,オクタヴィネル風の窓,SR,装飾：壁装飾,,,1,6,5,3,1.5,ユニーク,スタイリッシュ,オクタヴィネル,－
211,スカラビア風の窓,SR,装飾：壁装飾,,,1,6,5,3,1.5,ポップ,ベーシック,スカラビア,－
212,ポムフィオーレ風の窓,SR,装飾：壁装飾,,,1,6,5,3,1.5,ポップ,ユニーク,ポムフィオーレ,－
213,イグニハイド風の窓,SR,装飾：壁装飾,,,1,6,5,3,1.5,ユニーク,ポップ,イグニハイド,－
214,ディアソムニア風の窓,SR,装飾：壁装飾,,,1,6,5,3,1.5,ベーシック,スタイリッシュ,ディアソムニア,－
215,ハーツラビュル風の棚,SR,家具：収納,1,,,6,5,3,1.5,ユニーク,ポップ,ハーツラビュル,－
216,サバナクロー風の棚,SR,家具：収納,1,,,6,5,3,1.5,ベーシック,スタイリッシュ,サバナクロー,－
217,オクタヴィネル風の棚,SR,家具：収納,1,,,6,5,3,1.5,エレガント,スタイリッシュ,オクタヴィネル,－
218,スカラビア風の棚,SR,家具：収納,1,,,6,5,3,1.5,ベーシック,スタイリッシュ,スカラビア,－
219,ポムフィオーレ風の棚,SR,家具：収納,1,,,6,5,3,1.5,ベーシック,ポップ,ポムフィオーレ,－
220,イグニハイド風の棚,SR,家具：収納,1,,,6,5,3,1.5,エレガント,ベーシック,イグニハイド,－
221,ディアソムニア風の棚,SR,家具：収納,1,,,6,5,3,1.5,ベーシック,スタイリッシュ,ディアソムニア,－
222,ハーツラビュル風の暖炉,SR,家具：その他,2,,,6,6,3,1.5,エレガント,スタイリッシュ,ハーツラビュル,－
223,サバナクロー風の暖炉,SR,家具：その他,2,,,6,6,3,1.5,ユニーク,ベーシック,サバナクロー,－
224,オクタヴィネル風の暖炉,SR,家具：その他,2,,,6,6,3,1.5,スタイリッシュ,ベーシック,オクタヴィネル,－
225,スカラビア風の暖炉,SR,家具：その他,2,,,6,6,3,1.5,ポップ,エレガント,スカラビア,－
226,ポムフィオーレ風の暖炉,SR,家具：その他,2,,,6,6,3,1.5,エレガント,ベーシック,ポムフィオーレ,－
227,イグニハイド風の暖炉,SR,家具：その他,2,,,6,6,3,1.5,エレガント,スタイリッシュ,イグニハイド,－
228,ディアソムニア風の暖炉,SR,家具：その他,2,,,6,6,3,1.5,スタイリッシュ,エレガント,ディアソムニア,－
229,ハーツラビュル風のライト,R,装飾：壁装飾,,,1,4,4,3,,エレガント,－,ハーツラビュル,－
230,サバナクロー風のライト,R,装飾：壁装飾,,,1,4,4,3,,ポップ,－,サバナクロー,－
231,オクタヴィネル風のライト,R,装飾：壁装飾,,,1,4,4,3,,ユニーク,－,オクタヴィネル,－
232,スカラビア風のライト,R,装飾：壁装飾,,,1,4,4,3,,ユニーク,－,スカラビア,－
233,ポムフィオーレ風のライト,R,装飾：壁装飾,,,1,4,4,3,,ユニーク,－,ポムフィオーレ,－
234,イグニハイド風のライト,R,装飾：壁装飾,,,1,4,4,3,,ベーシック,－,イグニハイド,－
235,ディアソムニア風のライト,R,装飾：壁装飾,,,1,4,4,3,,エレガント,－,ディアソムニア,－
236,ハートの女王のミニチュア像,SSR,雑貨：大型雑貨,3,,,9,12,4.5,2.25,スタイリッシュ,ユニーク,ハーツラビュル,－
237,百獣の王のミニチュア像,SSR,雑貨：大型雑貨,3,,,9,12,4.5,2.25,ベーシック,ユニーク,サバナクロー,－
238,海の魔女のミニチュア像,SSR,雑貨：大型雑貨,3,,,9,12,4.5,2.25,エレガント,スタイリッシュ,オクタヴィネル,－
239,砂漠の魔術師のミニチュア像,SSR,雑貨：大型雑貨,3,,,9,12,4.5,2.25,スタイリッシュ,ポップ,スカラビア,－
240,美しき女王のミニチュア像,SSR,雑貨：大型雑貨,3,,,9,12,4.5,2.25,ベーシック,スタイリッシュ,ポムフィオーレ,－
241,死者の国の王のミニチュア像,SSR,雑貨：大型雑貨,3,,,9,12,4.5,2.25,ユニーク,スタイリッシュ,イグニハイド,－
242,茨の魔女のミニチュア像,SSR,雑貨：大型雑貨,3,,,9,12,4.5,2.25,エレガント,ユニーク,ディアソムニア,－
243,リドルのツム,SSR,雑貨：小型雑貨,1,,,7,6,5.25,,ユニーク,－,ハーツラビュル,－
244,ケイトのツム,SSR,雑貨：小型雑貨,1,,,7,6,5.25,,ユニーク,－,ハーツラビュル,－
245,レオナのツム,SSR,雑貨：小型雑貨,1,,,7,6,5.25,,ユニーク,－,サバナクロー,－
246,ジャックのツム,SSR,雑貨：小型雑貨,1,,,7,6,5.25,,ユニーク,－,サバナクロー,－
247,フロイドのツム,SSR,雑貨：小型雑貨,1,,,7,6,5.25,,ユニーク,－,オクタヴィネル,－
248,エペルのツム,SSR,雑貨：小型雑貨,1,,,7,6,5.25,,ユニーク,－,ポムフィオーレ,－
249,セベクのツム,SSR,雑貨：小型雑貨,1,,,7,6,5.25,,ユニーク,－,ディアソムニア,－
250,ツムステのフレーム（昼）,SSR,内観・外観：前景,,,,9,,6.75,,ユニーク,－,なし,－
251,ツムステのフレーム（夜）,SSR,内観・外観：前景,,,,9,,6.75,,ユニーク,－,なし,－
252,カリムのマイク（クラブ）,SR,雑貨：大型雑貨,2,,,6,6,3,1.5,ポップ,スタイリッシュ,スカラビア,－
253,カリムのフレーム（クラブ）,SR,内観・外観：前景,,,,5,5,2.5,1.25,スタイリッシュ,ユニーク,スカラビア,－
254,カリムのドラム（クラブ）,SSR,雑貨：大型雑貨,4,,,10,10,5,2.5,スタイリッシュ,ポップ,スカラビア,－
255,軽音部の壁,SR,内観・外観：壁紙,,,,20,,10,5,スタイリッシュ,ユニーク,なし,軽音部シリーズ
256,軽音部の床,SR,内観・外観：床,,,,20,,10,5,スタイリッシュ,ユニーク,なし,軽音部シリーズ
257,軽音部の前景（上）①,R,内観・外観：前景,,,,12,,9,,スタイリッシュ,－,なし,軽音部シリーズ
258,軽音部の前景（上）②,R,内観・外観：前景,,,,12,,9,,スタイリッシュ,－,なし,軽音部シリーズ
259,軽音部のドラム,SR,雑貨：大型雑貨,4,,,14,,7,3.5,スタイリッシュ,ポップ,なし,軽音部シリーズ
260,軽音部のギター＆ベース,SR,雑貨：大型雑貨,2,,,10,,5,2.5,スタイリッシュ,ベーシック,なし,軽音部シリーズ
261,軽音部のキーボード,SR,雑貨：大型雑貨,2,,,10,,5,2.5,スタイリッシュ,ユニーク,なし,軽音部シリーズ
262,軽音部のアンプ,SR,雑貨：大型雑貨,2,,,10,,5,2.5,スタイリッシュ,ユニーク,なし,軽音部シリーズ
263,クラブ・ウェア（カリム）,SR,雑貨：小型雑貨,1,,,8,,6,,スタイリッシュ,－,なし,軽音部シリーズ
264,教室の教卓,SR,家具：机,2,,,10,,5,2.5,ベーシック,エレガント,なし,軽音部シリーズ
265,教室の机,R,家具：机,1,,,8,,6,,ベーシック,－,なし,軽音部シリーズ
266,教室の椅子,R,家具：椅子,1,,,6,,4.5,,ベーシック,－,なし,軽音部シリーズ
267,アウトドア・ウェア（ラギー）,SR,雑貨：小型雑貨,1,,,8,,6,,ユニーク,－,なし,－
268,クラブ・ウェア（ケイト）,SR,雑貨：小型雑貨,1,,,8,,6,,スタイリッシュ,－,なし,軽音部シリーズ
269,ケイトのマイク（クラブ）,SR,雑貨：大型雑貨,2,,,6,6,3,1.5,ポップ,スタイリッシュ,ハーツラビュル,－
270,ケイトのフレーム（クラブ）,SR,内観・外観：前景,,,,5,5,2.5,1.25,スタイリッシュ,ユニーク,ハーツラビュル,－
271,ケイトのエレキギター（クラブ）,SSR,雑貨：大型雑貨,4,,,10,10,5,2.5,スタイリッシュ,ポップ,ハーツラビュル,－
272,浮き輪付パーティション,R,装飾：パーティション,1,,,6,,4.5,,ポップ,－,なし,ポートフェストシリーズ
273,ポート・ラグ,R,装飾：ラグ,,9,,10,,7.5,,ポップ,－,なし,ポートフェストシリーズ
274,ポートフェストの花飾り,SR,雑貨：小型雑貨,1,,,8,,4,2,ポップ,ユニーク,なし,ポートフェストシリーズ
275,ポート・ウェア（ジャック）,SR,雑貨：小型雑貨,1,,,8,,6,,ポップ,－,なし,ポートフェストシリーズ
276,ポートフェストの装飾（上）①,SR,内観・外観：前景,,,,14,,7,3.5,ポップ,ベーシック,なし,ポートフェストシリーズ
277,ポートフェストの装飾（上）②,SR,内観・外観：前景,,,,14,,7,3.5,ポップ,ベーシック,なし,ポートフェストシリーズ
278,ゴールデン・ストロー号の舵,SSR,雑貨：大型雑貨,4,,,16,,8,4,ポップ,ベーシック,なし,ポートフェストシリーズ
279,ブルームバースデーの箒（リドル）,SSR,雑貨：大型雑貨,4,,,10,10,5,2.5,エレガント,スタイリッシュ,ハーツラビュル,－
280,ブルームバースデーの箒（エース）,SSR,雑貨：大型雑貨,4,,,10,10,5,2.5,エレガント,スタイリッシュ,ハーツラビュル,－
281,ブルームバースデーの箒（デュース）,SSR,雑貨：大型雑貨,4,,,10,10,5,2.5,エレガント,スタイリッシュ,ハーツラビュル,－
282,ブルームバースデーの箒（ケイト）,SSR,雑貨：大型雑貨,4,,,10,10,5,2.5,エレガント,スタイリッシュ,ハーツラビュル,－
283,ブルームバースデーの箒（トレイ）,SSR,雑貨：大型雑貨,4,,,10,10,5,2.5,エレガント,スタイリッシュ,ハーツラビュル,－
284,ブルームバースデーの箒（レオナ）,SSR,雑貨：大型雑貨,4,,,10,10,5,2.5,エレガント,スタイリッシュ,サバナクロー,－
285,ブルームバースデーの箒（ジャック）,SSR,雑貨：大型雑貨,4,,,10,10,5,2.5,エレガント,スタイリッシュ,サバナクロー,－
286,ブルームバースデーの箒（ラギー）,SSR,雑貨：大型雑貨,4,,,10,10,5,2.5,エレガント,スタイリッシュ,サバナクロー,－
287,ブルームバースデーの箒（アズール）,SSR,雑貨：大型雑貨,4,,,10,10,5,2.5,エレガント,スタイリッシュ,オクタヴィネル,－
288,ブルームバースデーの箒（ジェイド）,SSR,雑貨：大型雑貨,4,,,10,10,5,2.5,エレガント,スタイリッシュ,オクタヴィネル,－
289,ブルームバースデーの箒（フロイド）,SSR,雑貨：大型雑貨,4,,,10,10,5,2.5,エレガント,スタイリッシュ,オクタヴィネル,－
290,ブルームバースデーの箒（カリム）,SSR,雑貨：大型雑貨,4,,,10,10,5,2.5,エレガント,スタイリッシュ,スカラビア,－
291,ブルームバースデーの箒（ジャミル）,SSR,雑貨：大型雑貨,4,,,10,10,5,2.5,エレガント,スタイリッシュ,スカラビア,－
292,ブルームバースデーの箒（ヴィル）,SSR,雑貨：大型雑貨,4,,,10,10,5,2.5,エレガント,スタイリッシュ,ポムフィオーレ,－
293,ブルームバースデーの箒（エペル）,SSR,雑貨：大型雑貨,4,,,10,10,5,2.5,エレガント,スタイリッシュ,ポムフィオーレ,－
294,ブルームバースデーの箒（ルーク）,SSR,雑貨：大型雑貨,4,,,10,10,5,2.5,エレガント,スタイリッシュ,ポムフィオーレ,－
295,ブルームバースデーの箒（イデア）,SSR,雑貨：大型雑貨,4,,,10,10,5,2.5,エレガント,スタイリッシュ,イグニハイド,－
296,ブルームバースデーの箒（オルト）,SSR,雑貨：大型雑貨,4,,,10,10,5,2.5,エレガント,スタイリッシュ,イグニハイド,－
297,ブルームバースデーの箒（マレウス）,SSR,雑貨：大型雑貨,4,,,10,10,5,2.5,エレガント,スタイリッシュ,ディアソムニア,－
298,ブルームバースデーの箒（シルバー）,SSR,雑貨：大型雑貨,4,,,10,10,5,2.5,エレガント,スタイリッシュ,ディアソムニア,－
299,ブルームバースデーの箒（セベク）,SSR,雑貨：大型雑貨,4,,,10,10,5,2.5,エレガント,スタイリッシュ,ディアソムニア,－
300,ブルームバースデーの箒（リリア）,SSR,雑貨：大型雑貨,4,,,10,10,5,2.5,エレガント,スタイリッシュ,ディアソムニア,－
301,ブルームバースデーの箒（グリム）,SSR,雑貨：大型雑貨,4,,,10,10,5,2.5,エレガント,スタイリッシュ,スペシャル,－
302,クラブ・ウェア（リリア）,SR,雑貨：小型雑貨,1,,,8,,6,,スタイリッシュ,－,なし,軽音部シリーズ
303,リリアのマイク（クラブ）,SR,雑貨：大型雑貨,2,,,6,6,3,1.5,ポップ,スタイリッシュ,ディアソムニア,－
304,リリアのフレーム（クラブ）,SR,内観・外観：前景,,,,5,5,2.5,1.25,スタイリッシュ,ユニーク,ディアソムニア,－
305,リリアのエレキギター（クラブ）,SSR,雑貨：大型雑貨,4,,,10,10,5,2.5,スタイリッシュ,ポップ,ディアソムニア,－
306,厨房の壁,SR,内観・外観：壁紙,,,,20,,15,,ベーシック,－,なし,マスターシェフシリーズ
307,厨房の床,SR,内観・外観：床,,,,20,,15,,ベーシック,－,なし,マスターシェフシリーズ
308,厨房の大きい調理台①,SR,家具：その他,3,,,12,,6,3,ベーシック,ポップ,なし,マスターシェフシリーズ
309,厨房のコンロ台,SR,家具：その他,1,,,10,,5,2.5,ベーシック,ポップ,なし,マスターシェフシリーズ
310,厨房の作業台,R,家具：その他,1,,,6,,4.5,,ベーシック,－,なし,マスターシェフシリーズ
311,厨房のバスケット①,R,雑貨：小型雑貨,1,,,6,,4.5,,ベーシック,－,なし,マスターシェフシリーズ
312,厨房の樽,R,家具：その他,2,,,8,,6,,ベーシック,－,なし,マスターシェフシリーズ
313,湖畔の壁,SR,内観・外観：壁紙,,,,20,,10,5,ユニーク,ベーシック,なし,バルガスCAMP！リターンズシリーズ
314,湖畔の床,SR,内観・外観：床,,,,20,,10,5,ユニーク,ベーシック,なし,バルガスCAMP！リターンズシリーズ
315,アウトドア・ウェア（トレイ）,SR,雑貨：小型雑貨,1,,,8,,6,,ユニーク,－,なし,バルガスCAMP！リターンズシリーズ
316,本格バーベキューセット,SR,雑貨：大型雑貨,2,,,10,,5,2.5,ユニーク,ベーシック,なし,バルガスCAMP！リターンズシリーズ
317,万能釣り竿セット,SSR,雑貨：大型雑貨,4,,,16,,8,4,ユニーク,スタイリッシュ,なし,バルガスCAMP！リターンズシリーズ
318,ハーツラビュル風の壁装飾,SR,装飾：壁装飾,,,1,6,6,4.5,,ポップ,－,ハーツラビュル,－
319,サバナクロー風の壁装飾,SR,装飾：壁装飾,,,2,6,6,4.5,,ベーシック,－,サバナクロー,－
320,オクタヴィネル風の壁装飾,SR,装飾：壁装飾,,,2,6,6,4.5,,ベーシック,－,オクタヴィネル,－
321,スカラビア風の壁装飾,SR,装飾：壁装飾,,,2,6,6,4.5,,スタイリッシュ,－,スカラビア,－
322,ポムフィオーレ風の壁装飾,SR,装飾：壁装飾,,,1,6,6,4.5,,エレガント,－,ポムフィオーレ,－
323,イグニハイド風の壁装飾,SR,装飾：壁装飾,,,2,6,6,4.5,,ユニーク,－,イグニハイド,－
324,ディアソムニア風の壁装飾,SR,装飾：壁装飾,,,2,6,6,4.5,,ベーシック,－,ディアソムニア,－
325,ハーツラビュルの寮章,SSR,雑貨：大型雑貨,2,,,8,7,4,2,エレガント,ポップ,ハーツラビュル,－
326,サバナクローの寮章,SSR,雑貨：大型雑貨,2,,,8,7,4,2,ベーシック,ユニーク,サバナクロー,－
327,オクタヴィネルの寮章,SSR,雑貨：大型雑貨,2,,,8,7,4,2,スタイリッシュ,ユニーク,オクタヴィネル,－
328,スカラビアの寮章,SSR,雑貨：大型雑貨,2,,,8,7,4,2,エレガント,ポップ,スカラビア,－
329,ポムフィオーレの寮章,SSR,雑貨：大型雑貨,2,,,8,7,4,2,エレガント,ベーシック,ポムフィオーレ,－
330,イグニハイドの寮章,SSR,雑貨：大型雑貨,2,,,8,7,4,2,ユニーク,スタイリッシュ,イグニハイド,－
331,ディアソムニアの寮章,SSR,雑貨：大型雑貨,2,,,8,7,4,2,スタイリッシュ,ベーシック,ディアソムニア,－
332,スケアリー・ドレス（ハーツラビュル）,SR,雑貨：小型雑貨,1,,,6,5,4.5,,ユニーク,－,ハーツラビュル,スケアリー・モンスターズ！シリーズ
333,スケアリー・ドレス（サバナクロー）,SR,雑貨：小型雑貨,1,,,6,5,4.5,,ユニーク,－,サバナクロー,スケアリー・モンスターズ！シリーズ
334,スケアリー・ドレス（オクタヴィネル）,SR,雑貨：小型雑貨,1,,,6,5,4.5,,ユニーク,－,オクタヴィネル,スケアリー・モンスターズ！シリーズ
335,スケアリー・ドレス（スカラビア）,SR,雑貨：小型雑貨,1,,,6,5,4.5,,ユニーク,－,スカラビア,スケアリー・モンスターズ！シリーズ
336,スケアリー・ドレス（ポムフィオーレ）,SR,雑貨：小型雑貨,1,,,6,5,4.5,,ユニーク,－,ポムフィオーレ,スケアリー・モンスターズ！シリーズ
337,スケアリー・ドレス（イグニハイド）,SR,雑貨：小型雑貨,1,,,6,5,4.5,,ユニーク,－,イグニハイド,スケアリー・モンスターズ！シリーズ
338,スケアリー・ドレス（ディアソムニア）,SR,雑貨：小型雑貨,1,,,6,5,4.5,,ユニーク,－,ディアソムニア,スケアリー・モンスターズ！シリーズ
339,ノーブルベルカレッジ風の燭台,R,家具：その他,1,,,6,,4.5,,エレガント,－,なし,グロリアス・マスカレードシリーズ
340,正しき判事のミニチュア像,SSR,雑貨：大型雑貨,4,,,16,,8,4,エレガント,ベーシック,なし,グロリアス・マスカレードシリーズ
341,鐘楼の床,SR,内観・外観：床,,,,20,,10,5,ユニーク,ベーシック,なし,グロリアス・マスカレードシリーズ
342,鐘楼の壁,SR,内観・外観：壁紙,,,,20,,10,5,ユニーク,ベーシック,なし,グロリアス・マスカレードシリーズ
343,ノーブルベルカレッジのジオラマ,SR,雑貨：大型雑貨,4,,,14,,7,3.5,ベーシック,ユニーク,なし,グロリアス・マスカレードシリーズ
344,マスカレードドレス（ラギー）,SR,雑貨：小型雑貨,1,,,8,,6,,エレガント,－,なし,－
345,マスカレードドレス（リドル）,SR,雑貨：小型雑貨,1,,,8,,6,,エレガント,－,なし,－
346,マスカレードドレス（アズール）,SR,雑貨：小型雑貨,1,,,8,,6,,エレガント,－,なし,－
347,マスカレードドレス（イデア）,SR,雑貨：小型雑貨,1,,,8,,6,,エレガント,－,なし,－
348,マスカレードドレス（マレウス）,SR,雑貨：小型雑貨,1,,,8,,6,,エレガント,－,なし,－
349,マスカレードドレス（セベク）,SR,雑貨：小型雑貨,1,,,8,,6,,エレガント,－,なし,－
350,ノーブルベルカレッジ風の暖炉,SSR,家具：その他,3,,,14,,7,3.5,エレガント,スタイリッシュ,なし,グロリアス・マスカレードシリーズ
351,マスカレードドレス（ジャミル）,SR,雑貨：小型雑貨,1,,,8,,6,,エレガント,－,なし,－
352,マスカレードドレス（ルーク）,SR,雑貨：小型雑貨,1,,,8,,6,,エレガント,－,なし,－
353,マスカレードドレス（エペル）,SR,雑貨：小型雑貨,1,,,8,,6,,エレガント,－,なし,－
354,マスカレードドレス（シルバー）,SR,雑貨：小型雑貨,1,,,8,,6,,エレガント,－,なし,－
355,紅蓮の花のパーティション,SR,装飾：パーティション,1,,,8,,4,2,エレガント,ユニーク,なし,グロリアス・マスカレードシリーズ
356,ガーゴイルたちのぬいぐるみ,SR,雑貨：大型雑貨,2,,,10,,5,2.5,ポップ,ユニーク,なし,グロリアス・マスカレードシリーズ
357,舞踏会の床,SR,内観・外観：床,,,,20,,10,5,エレガント,スタイリッシュ,なし,グロリアス・マスカレードシリーズ
358,舞踏会の壁,SR,内観・外観：壁紙,,,,20,,10,5,エレガント,スタイリッシュ,なし,グロリアス・マスカレードシリーズ
359,舞踏会のシャンデリア（上）①,SR,内観・外観：前景,,,,14,,10.5,,エレガント,－,なし,グロリアス・マスカレードシリーズ
360,舞踏会のシャンデリア（上）②,SR,内観・外観：前景,,,,14,,10.5,,エレガント,－,なし,グロリアス・マスカレードシリーズ
361,ノーブルベル会長服（ロロ）,SR,雑貨：小型雑貨,1,,,8,,6,,エレガント,－,なし,グロリアス・マスカレードシリーズ
362,マスカレードドレス（デュース）,SR,雑貨：小型雑貨,,,,8,,6,,エレガント,－,なし,－
363,グロリアス・マスカレードのフレーム,SR,内観・外観：前景,,,,8,,6,,エレガント,－,なし,－
364,エースのスポーツバッグ（クラブ）,SR,雑貨：大型雑貨,2,,,6,6,3,1.5,ベーシック,スタイリッシュ,ハーツラビュル,－
365,エースのフレーム（クラブ）,SR,内観・外観：前景,,,,6,5,3,1.5,ベーシック,スタイリッシュ,ハーツラビュル,－
366,エースのバスケットゴール（クラブ）,SSR,雑貨：大型雑貨,4,,,10,10,5,2.5,ベーシック,スタイリッシュ,ハーツラビュル,－
367,ジャミルのスポーツバッグ（クラブ）,SR,雑貨：大型雑貨,2,,,6,6,3,1.5,ベーシック,スタイリッシュ,スカラビア,－
368,ジャミルのフレーム（クラブ）,SR,内観・外観：前景,,,,6,5,3,1.5,ベーシック,スタイリッシュ,スカラビア,－
369,ジャミルのバスケットゴール（クラブ）,SSR,雑貨：大型雑貨,4,,,10,10,5,2.5,ベーシック,スタイリッシュ,スカラビア,－
370,フロイドのスポーツバッグ（クラブ）,SR,雑貨：大型雑貨,2,,,6,6,3,1.5,ベーシック,スタイリッシュ,オクタヴィネル,－
371,フロイドのフレーム（クラブ）,SR,内観・外観：前景,,,,6,5,3,1.5,ベーシック,スタイリッシュ,オクタヴィネル,－
372,フロイドのバスケットゴール（クラブ）,SSR,雑貨：大型雑貨,4,,,10,10,5,2.5,ベーシック,スタイリッシュ,オクタヴィネル,－
373,体育館の床,SR,内観・外観：床,,,,20,,15,,ベーシック,－,なし,バスケットボール部シリーズ
374,体育館の壁,SR,内観・外観：壁紙,,,,20,,15,,ベーシック,－,なし,バスケットボール部シリーズ
375,体育館の前景（下）①,R,内観・外観：前景,,,,12,,9,,ベーシック,－,なし,バスケットボール部シリーズ
376,体育館の前景（下）②,R,内観・外観：前景,,,,12,,9,,ベーシック,－,なし,バスケットボール部シリーズ
377,体育館のバスケットゴール,SR,装飾：壁装飾,,,2,10,,5,2.5,ベーシック,スタイリッシュ,なし,バスケットボール部シリーズ
378,体育館のボールカゴ,SR,雑貨：大型雑貨,4,,,14,,7,3.5,ベーシック,ユニーク,なし,バスケットボール部シリーズ
379,体育館のスコアボード,SR,雑貨：大型雑貨,2,,,10,,7.5,,ベーシック,－,なし,バスケットボール部シリーズ
380,バスケットボール部の長机,SR,家具：机,2,,,10,,5,2.5,スタイリッシュ,ベーシック,なし,バスケットボール部シリーズ
381,バスケットボール部のフロアステッカー,SR,装飾：ラグ,,9,,12,,6,3,スタイリッシュ,ベーシック,なし,バスケットボール部シリーズ
382,体育館のモップ,R,雑貨：大型雑貨,2,,,8,,6,,ベーシック,－,なし,バスケットボール部シリーズ
383,バスケットボール部のパイプ椅子,R,家具：椅子,1,,,6,,4.5,,ベーシック,－,なし,バスケットボール部シリーズ
384,クラブ・ウェア（エース）,SR,雑貨：小型雑貨,1,,,8,,6,,ベーシック,－,なし,バスケットボール部シリーズ
385,クラブ・ウェア（フロイド）,SR,雑貨：小型雑貨,1,,,8,,6,,ベーシック,－,なし,バスケットボール部シリーズ
386,クラブ・ウェア（ジャミル）,SR,雑貨：小型雑貨,1,,,8,,6,,ベーシック,－,なし,バスケットボール部シリーズ
387,ホリデーパーティーの床,SR,内観・外観：床,,,,12,12,9,,ポップ,－,スペシャル,ウィンターホリデー2022シリーズ
388,ホリデーパーティーの壁,SR,内観・外観：壁紙,,,,12,12,9,,ポップ,－,スペシャル,ウィンターホリデー2022シリーズ
389,ホリデーパーティーの装飾（上）①,SR,内観・外観：前景,,,,8,8,4,2,ポップ,エレガント,スペシャル,ウィンターホリデー2022シリーズ
390,ホリデーパーティーの装飾（上）②,SR,内観・外観：前景,,,,8,8,4,2,ポップ,エレガント,スペシャル,ウィンターホリデー2022シリーズ
391,大きなリボンのホリデーツリー,SSR,雑貨：大型雑貨,4,,,10,10,5,2.5,ポップ,エレガント,スペシャル,ウィンターホリデー2022シリーズ
392,ホリデーパーティーの机,SR,家具：机,4,,,8,8,4,2,ポップ,エレガント,スペシャル,ウィンターホリデー2022シリーズ
393,ホリデーパーティーの二人掛けソファ,SR,家具：椅子,2,,,6,6,3,1.5,ポップ,エレガント,スペシャル,ウィンターホリデー2022シリーズ
394,ホリデーパーティーの暖炉,SR,家具：その他,2,,,6,6,3,1.5,ポップ,エレガント,スペシャル,ウィンターホリデー2022シリーズ
395,松ぼっくりのラグ,SR,装飾：ラグ,,9,,7,7,5.25,,ポップ,－,スペシャル,ウィンターホリデー2022シリーズ
396,プレゼント＆靴下セット,R,雑貨：小型雑貨,1,,,4,4,3,,ポップ,－,スペシャル,ウィンターホリデー2022シリーズ
397,新春の衣（ケイト）,SR,雑貨：小型雑貨,1,,,6,5,4.5,,ユニーク,－,ハーツラビュル,－
398,新春の衣（ラギー）,SR,雑貨：小型雑貨,1,,,6,5,4.5,,ユニーク,－,サバナクロー,－
399,新春の衣（ヴィル）,SR,雑貨：小型雑貨,1,,,6,5,4.5,,ユニーク,－,ポムフィオーレ,－
400,新春の衣（セベク）,SR,雑貨：小型雑貨,1,,,6,5,4.5,,ユニーク,－,ディアソムニア,－
401,ケイトのフレーム（ニューイヤー）,SR,内観・外観：前景,,,,6,5,3,1.5,ユニーク,ベーシック,ハーツラビュル,－
402,ヴィルのフレーム（ニューイヤー）,SR,内観・外観：前景,,,,6,5,3,1.5,ユニーク,ベーシック,ポムフィオーレ,－
403,和室の床,SR,内観・外観：床,,,,20,,10,5,ユニーク,ベーシック,なし,Sam’sNewYearSaleシリーズ
404,和室の壁,SR,内観・外観：壁紙,,,,20,,10,5,ユニーク,ベーシック,なし,Sam’sNewYearSaleシリーズ
405,東方の大きいこたつ,SSR,家具：机,9,,,20,,10,5,ユニーク,ベーシック,なし,Sam’sNewYearSaleシリーズ
406,東方の屏風,SR,装飾：パーティション,2,,,10,,7.5,,ユニーク,－,なし,Sam’sNewYearSaleシリーズ
407,東方の飾り棚,SR,家具：収納,2,,,10,,5,2.5,ユニーク,ベーシック,なし,Sam’sNewYearSaleシリーズ
408,東方の赤い敷物,SR,装飾：ラグ,,9,,12,,9,,ユニーク,－,なし,Sam’sNewYearSaleシリーズ
409,KADOMATSU,R,雑貨：小型雑貨,1,,,6,,4.5,,ユニーク,－,なし,Sam’sNewYearSaleシリーズ
410,東方の花入,R,装飾：壁装飾,1,,,6,,4.5,,ユニーク,－,なし,Sam’sNewYearSaleシリーズ
411,厨房の冷蔵庫,SR,家具：収納,2,,,10,,5,2.5,ベーシック,ポップ,なし,マスターシェフシリーズ
412,厨房の壁掛け調理器具セット,SR,装飾：壁装飾,,,2,10,,5,2.5,ベーシック,ポップ,なし,マスターシェフシリーズ
413,厨房のマット,R,装飾：ラグ,,3,,4,,3,,ベーシック,－,なし,マスターシェフシリーズ
414,ライオンのタペストリー,SSR,装飾：壁装飾,,,2,12,,6,3,ベーシック,ユニーク,なし,夕焼けの草原シリーズ
415,サバンナ植物のパーティション,R,装飾：パーティション,1,,,6,,4.5,,ベーシック,－,なし,夕焼けの草原シリーズ
416,トロピカルフルーツの盛り合わせ,SR,家具：その他,1,,,8,,6,,ベーシック,－,なし,夕焼けの草原シリーズ
417,ライオン柄のラグ,SR,装飾：ラグ,,9,,12,,6,3,ベーシック,ユニーク,なし,夕焼けの草原シリーズ
418,自立式ハンモック,SR,家具：その他,2,,,10,,7.5,,ベーシック,－,なし,夕焼けの草原シリーズ
419,ビーズの装飾（上）①,SR,内観・外観：前景,,,,14,,7,3.5,ベーシック,ユニーク,なし,夕焼けの草原シリーズ
420,ビーズの装飾（上）②,SR,内観・外観：前景,,,,14,,7,3.5,ベーシック,ユニーク,なし,夕焼けの草原シリーズ
421,百獣の装束（レオナ）,SR,雑貨：小型雑貨,1,,,8,,6,,ベーシック,－,なし,夕焼けの草原シリーズ
422,石造りの噴水,SSR,雑貨：大型雑貨,4,,,16,,8,4,ベーシック,ユニーク,なし,夕焼けの草原シリーズ
423,リドル 寮服の写真①,R,装飾：壁装飾,,,2,6,5,3,1.5,スタイリッシュ,ユニーク,ハーツラビュル,－
424,リドル 寮服の写真②,SR,装飾：壁装飾,,,2,6,6,3,1.5,スタイリッシュ,ユニーク,ハーツラビュル,－
425,リドル おめかしバースデーの写真①,R,装飾：壁装飾,,,2,6,5,3,1.5,スタイリッシュ,ユニーク,ハーツラビュル,－
426,リドル おめかしバースデーの写真②,SR,装飾：壁装飾,,,2,6,6,3,1.5,スタイリッシュ,ユニーク,ハーツラビュル,－
427,リドル ユニオンバースデーの写真①,R,装飾：壁装飾,,,2,6,5,3,1.5,スタイリッシュ,ユニーク,ハーツラビュル,－
428,リドル ユニオンバースデーの写真②,SR,装飾：壁装飾,,,2,6,6,3,1.5,スタイリッシュ,ユニーク,ハーツラビュル,－
429,リドル ブルームバースデーの写真①,R,装飾：壁装飾,,,2,6,5,3,1.5,スタイリッシュ,ユニーク,ハーツラビュル,－
430,リドル ブルームバースデーの写真②,SR,装飾：壁装飾,,,2,6,6,3,1.5,スタイリッシュ,ユニーク,ハーツラビュル,－
431,リドル スケアリー・ドレスの写真①,R,装飾：壁装飾,,,2,6,5,3,1.5,スタイリッシュ,ユニーク,ハーツラビュル,－
432,リドル スケアリー・ドレスの写真②,SR,装飾：壁装飾,,,2,6,6,3,1.5,スタイリッシュ,ユニーク,ハーツラビュル,－
433,リドル ツムステの写真①,R,装飾：壁装飾,,,2,6,5,3,1.5,スタイリッシュ,ユニーク,ハーツラビュル,－
434,リドル ツムステの写真②,SR,装飾：壁装飾,,,2,6,6,3,1.5,スタイリッシュ,ユニーク,ハーツラビュル,－
435,エース 寮服の写真①,R,装飾：壁装飾,,,2,6,5,3,1.5,ユニーク,スタイリッシュ,ハーツラビュル,－
436,エース 寮服の写真②,SR,装飾：壁装飾,,,2,6,6,3,1.5,ユニーク,スタイリッシュ,ハーツラビュル,－
437,エース おめかしバースデーの写真①,R,装飾：壁装飾,,,2,6,5,3,1.5,ユニーク,スタイリッシュ,ハーツラビュル,－
438,エース おめかしバースデーの写真②,SR,装飾：壁装飾,,,2,6,6,3,1.5,ユニーク,スタイリッシュ,ハーツラビュル,－
439,エース ユニオンバースデーの写真①,R,装飾：壁装飾,,,2,6,5,3,1.5,ユニーク,スタイリッシュ,ハーツラビュル,－
440,エース ユニオンバースデーの写真②,SR,装飾：壁装飾,,,2,6,6,3,1.5,ユニーク,スタイリッシュ,ハーツラビュル,－
441,エース ブルームバースデーの写真①,R,装飾：壁装飾,,,2,6,5,3,1.5,ユニーク,スタイリッシュ,ハーツラビュル,－
442,エース ブルームバースデーの写真②,SR,装飾：壁装飾,,,2,6,6,3,1.5,ユニーク,スタイリッシュ,ハーツラビュル,－
443,エース なりきり花婿の写真①,R,装飾：壁装飾,,,2,6,5,3,1.5,ユニーク,スタイリッシュ,ハーツラビュル,－
444,エース なりきり花婿の写真②,SR,装飾：壁装飾,,,2,6,6,3,1.5,ユニーク,スタイリッシュ,ハーツラビュル,－
445,エース クラブ・ウェアの写真①,R,装飾：壁装飾,,,2,6,5,3,1.5,ユニーク,スタイリッシュ,ハーツラビュル,－
446,エース クラブ・ウェアの写真②,SR,装飾：壁装飾,,,2,6,6,3,1.5,ユニーク,スタイリッシュ,ハーツラビュル,－
447,デュース 寮服の写真①,R,装飾：壁装飾,,,2,6,5,3,1.5,ベーシック,エレガント,ハーツラビュル,－
448,デュース 寮服の写真②,SR,装飾：壁装飾,,,2,6,6,3,1.5,ベーシック,エレガント,ハーツラビュル,－
449,デュース おめかしバースデーの写真①,R,装飾：壁装飾,,,2,6,5,3,1.5,ベーシック,エレガント,ハーツラビュル,－
450,デュース おめかしバースデーの写真②,SR,装飾：壁装飾,,,2,6,6,3,1.5,ベーシック,エレガント,ハーツラビュル,－
451,デュース ユニオンバースデーの写真①,R,装飾：壁装飾,,,2,6,5,3,1.5,ベーシック,エレガント,ハーツラビュル,－
452,デュース ユニオンバースデーの写真②,SR,装飾：壁装飾,,,2,6,6,3,1.5,ベーシック,エレガント,ハーツラビュル,－
453,デュース ブルームバースデーの写真①,R,装飾：壁装飾,,,2,6,5,3,1.5,ベーシック,エレガント,ハーツラビュル,－
454,デュース ブルームバースデーの写真②,SR,装飾：壁装飾,,,2,6,6,3,1.5,ベーシック,エレガント,ハーツラビュル,－
455,デュース 星送りの衣の写真①,R,装飾：壁装飾,,,2,6,5,3,1.5,ベーシック,エレガント,ハーツラビュル,－
456,デュース 星送りの衣の写真②,SR,装飾：壁装飾,,,2,6,6,3,1.5,ベーシック,エレガント,ハーツラビュル,－
457,ケイト 寮服の写真①,R,装飾：壁装飾,,,2,6,5,3,1.5,ポップ,ベーシック,ハーツラビュル,－
458,ケイト 寮服の写真②,SR,装飾：壁装飾,,,2,6,6,3,1.5,ポップ,ベーシック,ハーツラビュル,－
459,ケイト おめかしバースデーの写真①,R,装飾：壁装飾,,,2,6,5,3,1.5,ポップ,ベーシック,ハーツラビュル,－
460,ケイト おめかしバースデーの写真②,SR,装飾：壁装飾,,,2,6,6,3,1.5,ポップ,ベーシック,ハーツラビュル,－
461,ケイト ユニオンバースデーの写真①,R,装飾：壁装飾,,,2,6,5,3,1.5,ポップ,ベーシック,ハーツラビュル,－
462,ケイト ユニオンバースデーの写真②,SR,装飾：壁装飾,,,2,6,6,3,1.5,ポップ,ベーシック,ハーツラビュル,－
463,ケイト ブルームバースデーの写真①,R,装飾：壁装飾,,,2,6,5,3,1.5,ポップ,ベーシック,ハーツラビュル,－
464,ケイト ブルームバースデーの写真②,SR,装飾：壁装飾,,,2,6,6,3,1.5,ポップ,ベーシック,ハーツラビュル,－
465,ケイト スケアリー・ドレスの写真①,R,装飾：壁装飾,,,2,6,5,3,1.5,ポップ,ベーシック,ハーツラビュル,－
466,ケイト スケアリー・ドレスの写真②,SR,装飾：壁装飾,,,2,6,6,3,1.5,ポップ,ベーシック,ハーツラビュル,－
467,ケイト クラブ・ウェアの写真①,R,装飾：壁装飾,,,2,6,5,3,1.5,ポップ,ベーシック,ハーツラビュル,－
468,ケイト クラブ・ウェアの写真②,SR,装飾：壁装飾,,,2,6,6,3,1.5,ポップ,ベーシック,ハーツラビュル,－
469,トレイ 寮服の写真①,R,装飾：壁装飾,,,2,6,5,3,1.5,エレガント,ポップ,ハーツラビュル,－
470,トレイ 寮服の写真②,SR,装飾：壁装飾,,,2,6,6,3,1.5,エレガント,ポップ,ハーツラビュル,－
471,トレイ おめかしバースデーの写真①,R,装飾：壁装飾,,,2,6,5,3,1.5,エレガント,ポップ,ハーツラビュル,－
472,トレイ おめかしバースデーの写真②,SR,装飾：壁装飾,,,2,6,6,3,1.5,エレガント,ポップ,ハーツラビュル,－
473,トレイ ユニオンバースデーの写真①,R,装飾：壁装飾,,,2,6,5,3,1.5,エレガント,ポップ,ハーツラビュル,－
474,トレイ ユニオンバースデーの写真②,SR,装飾：壁装飾,,,2,6,6,3,1.5,エレガント,ポップ,ハーツラビュル,－
475,トレイ ブルームバースデーの写真①,R,装飾：壁装飾,,,2,6,5,3,1.5,エレガント,ポップ,ハーツラビュル,－
476,トレイ ブルームバースデーの写真②,SR,装飾：壁装飾,,,2,6,6,3,1.5,エレガント,ポップ,ハーツラビュル,－
477,トレイ アウトドア・ウェアの写真①,R,装飾：壁装飾,,,2,6,5,3,1.5,エレガント,ポップ,ハーツラビュル,－
478,トレイ アウトドア・ウェアの写真②,SR,装飾：壁装飾,,,2,6,6,3,1.5,エレガント,ポップ,ハーツラビュル,－
479,レオナ 寮服の写真①,R,装飾：壁装飾,,,2,6,5,3,1.5,エレガント,ユニーク,サバナクロー,－
480,レオナ 寮服の写真②,SR,装飾：壁装飾,,,2,6,6,3,1.5,エレガント,ユニーク,サバナクロー,－
481,レオナ おめかしバースデーの写真①,R,装飾：壁装飾,,,2,6,5,3,1.5,エレガント,ユニーク,サバナクロー,－
482,レオナ おめかしバースデーの写真②,SR,装飾：壁装飾,,,2,6,6,3,1.5,エレガント,ユニーク,サバナクロー,－
483,レオナ ユニオンバースデーの写真①,R,装飾：壁装飾,,,2,6,5,3,1.5,エレガント,ユニーク,サバナクロー,－
484,レオナ ユニオンバースデーの写真②,SR,装飾：壁装飾,,,2,6,6,3,1.5,エレガント,ユニーク,サバナクロー,－
485,レオナ ブルームバースデーの写真①,R,装飾：壁装飾,,,2,6,5,3,1.5,エレガント,ユニーク,サバナクロー,－
486,レオナ ブルームバースデーの写真②,SR,装飾：壁装飾,,,2,6,6,3,1.5,エレガント,ユニーク,サバナクロー,－
487,レオナ ガラ・クチュールの写真①,R,装飾：壁装飾,,,2,6,5,3,1.5,エレガント,ユニーク,サバナクロー,－
488,レオナ ガラ・クチュールの写真②,SR,装飾：壁装飾,,,2,6,6,3,1.5,エレガント,ユニーク,サバナクロー,－
489,レオナ ツムステの写真①,R,装飾：壁装飾,,,2,6,5,3,1.5,エレガント,ユニーク,サバナクロー,－
490,レオナ ツムステの写真②,SR,装飾：壁装飾,,,2,6,6,3,1.5,エレガント,ユニーク,サバナクロー,－
491,レオナ 百獣の装束の写真①,R,装飾：壁装飾,,,2,6,5,3,1.5,エレガント,ユニーク,サバナクロー,－
492,レオナ 百獣の装束の写真②,SR,装飾：壁装飾,,,2,6,6,3,1.5,エレガント,ユニーク,サバナクロー,－
493,ジャック 寮服の写真①,R,装飾：壁装飾,,,2,6,5,3,1.5,ベーシック,スタイリッシュ,サバナクロー,－
494,ジャック 寮服の写真②,SR,装飾：壁装飾,,,2,6,6,3,1.5,ベーシック,スタイリッシュ,サバナクロー,－
495,ジャック おめかしバースデーの写真①,R,装飾：壁装飾,,,2,6,5,3,1.5,ベーシック,スタイリッシュ,サバナクロー,－
496,ジャック おめかしバースデーの写真②,SR,装飾：壁装飾,,,2,6,6,3,1.5,ベーシック,スタイリッシュ,サバナクロー,－
497,ジャック ユニオンバースデーの写真①,R,装飾：壁装飾,,,2,6,5,3,1.5,ベーシック,スタイリッシュ,サバナクロー,－
498,ジャック ユニオンバースデーの写真②,SR,装飾：壁装飾,,,2,6,6,3,1.5,ベーシック,スタイリッシュ,サバナクロー,－
499,ジャック ブルームバースデーの写真①,R,装飾：壁装飾,,,2,6,5,3,1.5,ベーシック,スタイリッシュ,サバナクロー,－
500,ジャック ブルームバースデーの写真②,SR,装飾：壁装飾,,,2,6,6,3,1.5,ベーシック,スタイリッシュ,サバナクロー,－
501,ジャック ポート・ウェアの写真①,R,装飾：壁装飾,,,2,6,5,3,1.5,ベーシック,スタイリッシュ,サバナクロー,－
502,ジャック ポート・ウェアの写真②,SR,装飾：壁装飾,,,2,6,6,3,1.5,ベーシック,スタイリッシュ,サバナクロー,－
503,ラギー 寮服の写真①,R,装飾：壁装飾,,,2,6,5,3,1.5,ポップ,ベーシック,サバナクロー,－
504,ラギー 寮服の写真②,SR,装飾：壁装飾,,,2,6,6,3,1.5,ポップ,ベーシック,サバナクロー,－
505,ラギー おめかしバースデーの写真①,R,装飾：壁装飾,,,2,6,5,3,1.5,ポップ,ベーシック,サバナクロー,－
506,ラギー おめかしバースデーの写真②,SR,装飾：壁装飾,,,2,6,6,3,1.5,ポップ,ベーシック,サバナクロー,－
507,ラギー ユニオンバースデーの写真①,R,装飾：壁装飾,,,2,6,5,3,1.5,ポップ,ベーシック,サバナクロー,－
508,ラギー ユニオンバースデーの写真②,SR,装飾：壁装飾,,,2,6,6,3,1.5,ポップ,ベーシック,サバナクロー,－
509,ラギー ブルームバースデーの写真①,R,装飾：壁装飾,,,2,6,5,3,1.5,ポップ,ベーシック,サバナクロー,－
510,ラギー ブルームバースデーの写真②,SR,装飾：壁装飾,,,2,6,6,3,1.5,ポップ,ベーシック,サバナクロー,－
511,ラギー アウトドア・ウェアの写真①,R,装飾：壁装飾,,,2,6,5,3,1.5,ポップ,ベーシック,サバナクロー,－
512,ラギー アウトドア・ウェアの写真②,SR,装飾：壁装飾,,,2,6,6,3,1.5,ポップ,ベーシック,サバナクロー,－
513,ラギー 新春の衣の写真①,R,装飾：壁装飾,,,2,6,5,3,1.5,ポップ,ベーシック,サバナクロー,－
514,ラギー 新春の衣の写真②,SR,装飾：壁装飾,,,2,6,6,3,1.5,ポップ,ベーシック,サバナクロー,－
515,アズール 寮服の写真①,R,装飾：壁装飾,,,2,6,5,3,1.5,エレガント,スタイリッシュ,オクタヴィネル,－
516,アズール 寮服の写真②,SR,装飾：壁装飾,,,2,6,6,3,1.5,エレガント,スタイリッシュ,オクタヴィネル,－
517,アズール おめかしバースデーの写真①,R,装飾：壁装飾,,,2,6,5,3,1.5,エレガント,スタイリッシュ,オクタヴィネル,－
518,アズール おめかしバースデーの写真②,SR,装飾：壁装飾,,,2,6,6,3,1.5,エレガント,スタイリッシュ,オクタヴィネル,－
519,アズール ユニオンバースデーの写真①,R,装飾：壁装飾,,,2,6,5,3,1.5,エレガント,スタイリッシュ,オクタヴィネル,－
520,アズール ユニオンバースデーの写真②,SR,装飾：壁装飾,,,2,6,6,3,1.5,エレガント,スタイリッシュ,オクタヴィネル,－
521,アズール ブルームバースデーの写真①,R,装飾：壁装飾,,,2,6,5,3,1.5,エレガント,スタイリッシュ,オクタヴィネル,－
522,アズール ブルームバースデーの写真②,SR,装飾：壁装飾,,,2,6,6,3,1.5,エレガント,スタイリッシュ,オクタヴィネル,－
523,アズール ビーンズ・カモの写真①,R,装飾：壁装飾,,,2,6,5,3,1.5,エレガント,スタイリッシュ,オクタヴィネル,－
524,アズール ビーンズ・カモの写真②,SR,装飾：壁装飾,,,2,6,6,3,1.5,エレガント,スタイリッシュ,オクタヴィネル,－
525,アズール マスカレードドレスの写真①,R,装飾：壁装飾,,,2,6,5,3,1.5,エレガント,スタイリッシュ,オクタヴィネル,－
526,アズール マスカレードドレスの写真②,SR,装飾：壁装飾,,,2,6,6,3,1.5,エレガント,スタイリッシュ,オクタヴィネル,－
527,ジェイド 寮服の写真①,R,装飾：壁装飾,,,2,6,5,3,1.5,スタイリッシュ,ベーシック,オクタヴィネル,－
528,ジェイド 寮服の写真②,SR,装飾：壁装飾,,,2,6,6,3,1.5,スタイリッシュ,ベーシック,オクタヴィネル,－
529,ジェイド おめかしバースデーの写真①,R,装飾：壁装飾,,,2,6,5,3,1.5,スタイリッシュ,ベーシック,オクタヴィネル,－
530,ジェイド おめかしバースデーの写真②,SR,装飾：壁装飾,,,2,6,6,3,1.5,スタイリッシュ,ベーシック,オクタヴィネル,－
531,ジェイド ユニオンバースデーの写真①,R,装飾：壁装飾,,,2,6,5,3,1.5,スタイリッシュ,ベーシック,オクタヴィネル,－
532,ジェイド ユニオンバースデーの写真②,SR,装飾：壁装飾,,,2,6,6,3,1.5,スタイリッシュ,ベーシック,オクタヴィネル,－
533,ジェイド ブルームバースデーの写真①,R,装飾：壁装飾,,,2,6,5,3,1.5,スタイリッシュ,ベーシック,オクタヴィネル,－
534,ジェイド ブルームバースデーの写真②,SR,装飾：壁装飾,,,2,6,6,3,1.5,スタイリッシュ,ベーシック,オクタヴィネル,－
535,ジェイド スケアリー・ドレスの写真①,R,装飾：壁装飾,,,2,6,5,3,1.5,スタイリッシュ,ベーシック,オクタヴィネル,－
536,ジェイド スケアリー・ドレスの写真②,SR,装飾：壁装飾,,,2,6,6,3,1.5,スタイリッシュ,ベーシック,オクタヴィネル,－
537,フロイド 寮服の写真①,R,装飾：壁装飾,,,2,6,5,3,1.5,ユニーク,ポップ,オクタヴィネル,－
538,フロイド 寮服の写真②,SR,装飾：壁装飾,,,2,6,6,3,1.5,ユニーク,ポップ,オクタヴィネル,－
539,フロイド おめかしバースデーの写真①,R,装飾：壁装飾,,,2,6,5,3,1.5,ユニーク,ポップ,オクタヴィネル,－
540,フロイド おめかしバースデーの写真②,SR,装飾：壁装飾,,,2,6,6,3,1.5,ユニーク,ポップ,オクタヴィネル,－
541,フロイド ユニオンバースデーの写真①,R,装飾：壁装飾,,,2,6,5,3,1.5,ユニーク,ポップ,オクタヴィネル,－
542,フロイド ユニオンバースデーの写真②,SR,装飾：壁装飾,,,2,6,6,3,1.5,ユニーク,ポップ,オクタヴィネル,－
543,フロイド ブルームバースデーの写真①,R,装飾：壁装飾,,,2,6,5,3,1.5,ユニーク,ポップ,オクタヴィネル,－
544,フロイド ブルームバースデーの写真②,SR,装飾：壁装飾,,,2,6,6,3,1.5,ユニーク,ポップ,オクタヴィネル,－
545,フロイド ビーンズ・カモの写真①,R,装飾：壁装飾,,,2,6,5,3,1.5,ユニーク,ポップ,オクタヴィネル,－
546,フロイド ビーンズ・カモの写真②,SR,装飾：壁装飾,,,2,6,6,3,1.5,ユニーク,ポップ,オクタヴィネル,－
547,フロイド クラブ・ウェアの写真①,R,装飾：壁装飾,,,2,6,5,3,1.5,ユニーク,ポップ,オクタヴィネル,－
548,フロイド クラブ・ウェアの写真②,SR,装飾：壁装飾,,,2,6,6,3,1.5,ユニーク,ポップ,オクタヴィネル,－
549,カリム 寮服の写真①,R,装飾：壁装飾,,,2,6,5,3,1.5,ポップ,ユニーク,スカラビア,－
550,カリム 寮服の写真②,SR,装飾：壁装飾,,,2,6,6,3,1.5,ポップ,ユニーク,スカラビア,－
551,カリム おめかしバースデーの写真①,R,装飾：壁装飾,,,2,6,5,3,1.5,ポップ,ユニーク,スカラビア,－
552,カリム おめかしバースデーの写真②,SR,装飾：壁装飾,,,2,6,6,3,1.5,ポップ,ユニーク,スカラビア,－
553,カリム ユニオンバースデーの写真①,R,装飾：壁装飾,,,2,6,5,3,1.5,ポップ,ユニーク,スカラビア,－
554,カリム ユニオンバースデーの写真②,SR,装飾：壁装飾,,,2,6,6,3,1.5,ポップ,ユニーク,スカラビア,－
555,カリム ブルームバースデーの写真①,R,装飾：壁装飾,,,2,6,5,3,1.5,ポップ,ユニーク,スカラビア,－
556,カリム ブルームバースデーの写真②,SR,装飾：壁装飾,,,2,6,6,3,1.5,ポップ,ユニーク,スカラビア,－
557,カリム 新春の衣の写真①,R,装飾：壁装飾,,,2,6,5,3,1.5,ポップ,ユニーク,スカラビア,－
558,カリム 新春の衣の写真②,SR,装飾：壁装飾,,,2,6,6,3,1.5,ポップ,ユニーク,スカラビア,－
559,カリム クラブ・ウェアの写真①,R,装飾：壁装飾,,,2,6,5,3,1.5,ポップ,ユニーク,スカラビア,－
560,カリム クラブ・ウェアの写真②,SR,装飾：壁装飾,,,2,6,6,3,1.5,ポップ,ユニーク,スカラビア,－
561,ジャミル 寮服の写真①,R,装飾：壁装飾,,,2,6,5,3,1.5,スタイリッシュ,エレガント,スカラビア,－
562,ジャミル 寮服の写真②,SR,装飾：壁装飾,,,2,6,6,3,1.5,スタイリッシュ,エレガント,スカラビア,－
563,ジャミル おめかしバースデーの写真①,R,装飾：壁装飾,,,2,6,5,3,1.5,スタイリッシュ,エレガント,スカラビア,－
564,ジャミル おめかしバースデーの写真②,SR,装飾：壁装飾,,,2,6,6,3,1.5,スタイリッシュ,エレガント,スカラビア,－
565,ジャミル ユニオンバースデーの写真①,R,装飾：壁装飾,,,2,6,5,3,1.5,スタイリッシュ,エレガント,スカラビア,－
566,ジャミル ユニオンバースデーの写真②,SR,装飾：壁装飾,,,2,6,6,3,1.5,スタイリッシュ,エレガント,スカラビア,－
567,ジャミル ブルームバースデーの写真①,R,装飾：壁装飾,,,2,6,5,3,1.5,スタイリッシュ,エレガント,スカラビア,－
568,ジャミル ブルームバースデーの写真②,SR,装飾：壁装飾,,,2,6,6,3,1.5,スタイリッシュ,エレガント,スカラビア,－
569,ジャミル ヤーサミーナシルクの写真①,R,装飾：壁装飾,,,2,6,5,3,1.5,スタイリッシュ,エレガント,スカラビア,－
570,ジャミル ヤーサミーナシルクの写真②,SR,装飾：壁装飾,,,2,6,6,3,1.5,スタイリッシュ,エレガント,スカラビア,－
571,ジャミル クラブ・ウェアの写真①,R,装飾：壁装飾,,,2,6,5,3,1.5,スタイリッシュ,エレガント,スカラビア,－
572,ジャミル クラブ・ウェアの写真②,SR,装飾：壁装飾,,,2,6,6,3,1.5,スタイリッシュ,エレガント,スカラビア,－
573,ヴィル 寮服の写真①,R,装飾：壁装飾,,,2,6,5,3,1.5,エレガント,スタイリッシュ,ポムフィオーレ,－
574,ヴィル 寮服の写真②,SR,装飾：壁装飾,,,2,6,6,3,1.5,エレガント,スタイリッシュ,ポムフィオーレ,－
575,ヴィル おめかしバースデーの写真①,R,装飾：壁装飾,,,2,6,5,3,1.5,エレガント,スタイリッシュ,ポムフィオーレ,－
576,ヴィル おめかしバースデーの写真②,SR,装飾：壁装飾,,,2,6,6,3,1.5,エレガント,スタイリッシュ,ポムフィオーレ,－
577,ヴィル ユニオンバースデーの写真①,R,装飾：壁装飾,,,2,6,5,3,1.5,エレガント,スタイリッシュ,ポムフィオーレ,－
578,ヴィル ユニオンバースデーの写真②,SR,装飾：壁装飾,,,2,6,6,3,1.5,エレガント,スタイリッシュ,ポムフィオーレ,－
579,ヴィル ブルームバースデーの写真①,R,装飾：壁装飾,,,2,6,5,3,1.5,エレガント,スタイリッシュ,ポムフィオーレ,－
580,ヴィル ブルームバースデーの写真②,SR,装飾：壁装飾,,,2,6,6,3,1.5,エレガント,スタイリッシュ,ポムフィオーレ,－
581,ヴィル スケアリー・ドレスの写真①,R,装飾：壁装飾,,,2,6,5,3,1.5,エレガント,スタイリッシュ,ポムフィオーレ,－
582,ヴィル スケアリー・ドレスの写真②,SR,装飾：壁装飾,,,2,6,6,3,1.5,エレガント,スタイリッシュ,ポムフィオーレ,－
583,エペル 寮服の写真①,R,装飾：壁装飾,,,2,6,5,3,1.5,ベーシック,ポップ,ポムフィオーレ,－
584,エペル 寮服の写真②,SR,装飾：壁装飾,,,2,6,6,3,1.5,ベーシック,ポップ,ポムフィオーレ,－
585,エペル おめかしバースデーの写真①,R,装飾：壁装飾,,,2,6,5,3,1.5,ベーシック,ポップ,ポムフィオーレ,－
586,エペル おめかしバースデーの写真②,SR,装飾：壁装飾,,,2,6,6,3,1.5,ベーシック,ポップ,ポムフィオーレ,－
587,エペル ユニオンバースデーの写真①,R,装飾：壁装飾,,,2,6,5,3,1.5,ベーシック,ポップ,ポムフィオーレ,－
588,エペル ユニオンバースデーの写真②,SR,装飾：壁装飾,,,2,6,6,3,1.5,ベーシック,ポップ,ポムフィオーレ,－
589,エペル ブルームバースデーの写真①,R,装飾：壁装飾,,,2,6,5,3,1.5,ベーシック,ポップ,ポムフィオーレ,－
590,エペル ブルームバースデーの写真②,SR,装飾：壁装飾,,,2,6,6,3,1.5,ベーシック,ポップ,ポムフィオーレ,－
591,エペル アップル・ボアの写真①,R,装飾：壁装飾,,,2,6,5,3,1.5,ベーシック,ポップ,ポムフィオーレ,－
592,エペル アップル・ボアの写真②,SR,装飾：壁装飾,,,2,6,6,3,1.5,ベーシック,ポップ,ポムフィオーレ,－
593,ルーク 寮服の写真①,R,装飾：壁装飾,,,2,6,5,3,1.5,ユニーク,エレガント,ポムフィオーレ,－
594,ルーク 寮服の写真②,SR,装飾：壁装飾,,,2,6,6,3,1.5,ユニーク,エレガント,ポムフィオーレ,－
595,ルーク おめかしバースデーの写真①,R,装飾：壁装飾,,,2,6,5,3,1.5,ユニーク,エレガント,ポムフィオーレ,－
596,ルーク おめかしバースデーの写真②,SR,装飾：壁装飾,,,2,6,6,3,1.5,ユニーク,エレガント,ポムフィオーレ,－
597,ルーク ユニオンバースデーの写真①,R,装飾：壁装飾,,,2,6,5,3,1.5,ユニーク,エレガント,ポムフィオーレ,－
598,ルーク ユニオンバースデーの写真②,SR,装飾：壁装飾,,,2,6,6,3,1.5,ユニーク,エレガント,ポムフィオーレ,－
599,ルーク ブルームバースデーの写真①,R,装飾：壁装飾,,,2,6,5,3,1.5,ユニーク,エレガント,ポムフィオーレ,－
600,ルーク ブルームバースデーの写真②,SR,装飾：壁装飾,,,2,6,6,3,1.5,ユニーク,エレガント,ポムフィオーレ,－
601,ルーク スケアリー・ドレスの写真①,R,装飾：壁装飾,,,2,6,5,3,1.5,ユニーク,エレガント,ポムフィオーレ,－
602,ルーク スケアリー・ドレスの写真②,SR,装飾：壁装飾,,,2,6,6,3,1.5,ユニーク,エレガント,ポムフィオーレ,－
603,イデア 寮服の写真①,R,装飾：壁装飾,,,2,6,5,3,1.5,ユニーク,エレガント,イグニハイド,－
604,イデア 寮服の写真②,SR,装飾：壁装飾,,,2,6,6,3,1.5,ユニーク,エレガント,イグニハイド,－
605,イデア おめかしバースデーの写真①,R,装飾：壁装飾,,,2,6,5,3,1.5,ユニーク,エレガント,イグニハイド,－
606,イデア おめかしバースデーの写真②,SR,装飾：壁装飾,,,2,6,6,3,1.5,ユニーク,エレガント,イグニハイド,－
607,イデア ユニオンバースデーの写真①,R,装飾：壁装飾,,,2,6,5,3,1.5,ユニーク,エレガント,イグニハイド,－
608,イデア ユニオンバースデーの写真②,SR,装飾：壁装飾,,,2,6,6,3,1.5,ユニーク,エレガント,イグニハイド,－
609,イデア ブルームバースデーの写真①,R,装飾：壁装飾,,,2,6,5,3,1.5,ユニーク,エレガント,イグニハイド,－
610,イデア ブルームバースデーの写真②,SR,装飾：壁装飾,,,2,6,6,3,1.5,ユニーク,エレガント,イグニハイド,－
611,イデア なりきり花婿の写真①,R,装飾：壁装飾,,,2,6,5,3,1.5,ユニーク,エレガント,イグニハイド,－
612,イデア なりきり花婿の写真②,SR,装飾：壁装飾,,,2,6,6,3,1.5,ユニーク,エレガント,イグニハイド,－
613,イデア マスカレードドレスの写真①,R,装飾：壁装飾,,,2,6,5,3,1.5,ユニーク,エレガント,イグニハイド,－
614,イデア マスカレードドレスの写真②,SR,装飾：壁装飾,,,2,6,6,3,1.5,ユニーク,エレガント,イグニハイド,－
615,オルト イグニハイド・ギアの写真①,R,装飾：壁装飾,,,2,6,5,3,1.5,ユニーク,ポップ,イグニハイド,－
616,オルト イグニハイド・ギアの写真②,SR,装飾：壁装飾,,,2,6,6,3,1.5,ユニーク,ポップ,イグニハイド,－
617,オルト おめかし・ギアの写真①,R,装飾：壁装飾,,,2,6,5,3,1.5,ユニーク,ポップ,イグニハイド,－
618,オルト おめかし・ギアの写真②,SR,装飾：壁装飾,,,2,6,6,3,1.5,ユニーク,ポップ,イグニハイド,－
619,オルト ユニオン・ギアの写真①,R,装飾：壁装飾,,,2,6,5,3,1.5,ユニーク,ポップ,イグニハイド,－
620,オルト ユニオン・ギアの写真②,SR,装飾：壁装飾,,,2,6,6,3,1.5,ユニーク,ポップ,イグニハイド,－
621,オルト ブルーム・ギアの写真①,R,装飾：壁装飾,,,2,6,5,3,1.5,ユニーク,ポップ,イグニハイド,－
622,オルト ブルーム・ギアの写真②,SR,装飾：壁装飾,,,2,6,6,3,1.5,ユニーク,ポップ,イグニハイド,－
623,オルト フェアリー・ギアの写真①,R,装飾：壁装飾,,,2,6,5,3,1.5,ユニーク,ポップ,イグニハイド,－
624,オルト フェアリー・ギアの写真②,SR,装飾：壁装飾,,,2,6,6,3,1.5,ユニーク,ポップ,イグニハイド,－
625,マレウス 寮服の写真①,R,装飾：壁装飾,,,2,6,5,3,1.5,スタイリッシュ,ベーシック,ディアソムニア,－
626,マレウス 寮服の写真②,SR,装飾：壁装飾,,,2,6,6,3,1.5,スタイリッシュ,ベーシック,ディアソムニア,－
627,マレウス おめかしバースデーの写真①,R,装飾：壁装飾,,,2,6,5,3,1.5,スタイリッシュ,ベーシック,ディアソムニア,－
628,マレウス おめかしバースデーの写真②,SR,装飾：壁装飾,,,2,6,6,3,1.5,スタイリッシュ,ベーシック,ディアソムニア,－
629,マレウス ユニオンバースデーの写真①,R,装飾：壁装飾,,,2,6,5,3,1.5,スタイリッシュ,ベーシック,ディアソムニア,－
630,マレウス ユニオンバースデーの写真②,SR,装飾：壁装飾,,,2,6,6,3,1.5,スタイリッシュ,ベーシック,ディアソムニア,－
631,マレウス ブルームバースデーの写真①,R,装飾：壁装飾,,,2,6,5,3,1.5,スタイリッシュ,ベーシック,ディアソムニア,－
632,マレウス ブルームバースデーの写真②,SR,装飾：壁装飾,,,2,6,6,3,1.5,スタイリッシュ,ベーシック,ディアソムニア,－
633,マレウス マスカレードドレスの写真①,R,装飾：壁装飾,,,2,6,5,3,1.5,スタイリッシュ,ベーシック,ディアソムニア,－
634,マレウス マスカレードドレスの写真②,SR,装飾：壁装飾,,,2,6,6,3,1.5,スタイリッシュ,ベーシック,ディアソムニア,－
635,シルバー 寮服の写真①,R,装飾：壁装飾,,,2,6,5,3,1.5,ベーシック,エレガント,ディアソムニア,－
636,シルバー 寮服の写真②,SR,装飾：壁装飾,,,2,6,6,3,1.5,ベーシック,エレガント,ディアソムニア,－
637,シルバー おめかしバースデーの写真①,R,装飾：壁装飾,,,2,6,5,3,1.5,ベーシック,エレガント,ディアソムニア,－
638,シルバー おめかしバースデーの写真②,SR,装飾：壁装飾,,,2,6,6,3,1.5,ベーシック,エレガント,ディアソムニア,－
639,シルバー ユニオンバースデーの写真①,R,装飾：壁装飾,,,2,6,5,3,1.5,ベーシック,エレガント,ディアソムニア,－
640,シルバー ユニオンバースデーの写真②,SR,装飾：壁装飾,,,2,6,6,3,1.5,ベーシック,エレガント,ディアソムニア,－
641,シルバー ブルームバースデーの写真①,R,装飾：壁装飾,,,2,6,5,3,1.5,ベーシック,エレガント,ディアソムニア,－
642,シルバー ブルームバースデーの写真②,SR,装飾：壁装飾,,,2,6,6,3,1.5,ベーシック,エレガント,ディアソムニア,－
643,シルバー スケアリー・ドレスの写真①,R,装飾：壁装飾,,,2,6,5,3,1.5,ベーシック,エレガント,ディアソムニア,－
644,シルバー スケアリー・ドレスの写真②,SR,装飾：壁装飾,,,2,6,6,3,1.5,ベーシック,エレガント,ディアソムニア,－
645,セベク 寮服の写真①,R,装飾：壁装飾,,,2,6,5,3,1.5,スタイリッシュ,ユニーク,ディアソムニア,－
646,セベク 寮服の写真②,SR,装飾：壁装飾,,,2,6,6,3,1.5,スタイリッシュ,ユニーク,ディアソムニア,－
647,セベク おめかしバースデーの写真①,R,装飾：壁装飾,,,2,6,5,3,1.5,スタイリッシュ,ユニーク,ディアソムニア,－
648,セベク おめかしバースデーの写真②,SR,装飾：壁装飾,,,2,6,6,3,1.5,スタイリッシュ,ユニーク,ディアソムニア,－
649,セベク ユニオンバースデーの写真①,R,装飾：壁装飾,,,2,6,5,3,1.5,スタイリッシュ,ユニーク,ディアソムニア,－
650,セベク ユニオンバースデーの写真②,SR,装飾：壁装飾,,,2,6,6,3,1.5,スタイリッシュ,ユニーク,ディアソムニア,－
651,セベク ブルームバースデーの写真①,R,装飾：壁装飾,,,2,6,5,3,1.5,スタイリッシュ,ユニーク,ディアソムニア,－
652,セベク ブルームバースデーの写真②,SR,装飾：壁装飾,,,2,6,6,3,1.5,スタイリッシュ,ユニーク,ディアソムニア,－
653,セベク 新春の衣の写真①,R,装飾：壁装飾,,,2,6,5,3,1.5,スタイリッシュ,ユニーク,ディアソムニア,－
654,セベク 新春の衣の写真②,SR,装飾：壁装飾,,,2,6,6,3,1.5,スタイリッシュ,ユニーク,ディアソムニア,－
655,リリア 寮服の写真①,R,装飾：壁装飾,,,2,6,5,3,1.5,ポップ,ユニーク,ディアソムニア,－
656,リリア 寮服の写真②,SR,装飾：壁装飾,,,2,6,6,3,1.5,ポップ,ユニーク,ディアソムニア,－
657,リリア おめかしバースデーの写真①,R,装飾：壁装飾,,,2,6,5,3,1.5,ポップ,ユニーク,ディアソムニア,－
658,リリア おめかしバースデーの写真②,SR,装飾：壁装飾,,,2,6,6,3,1.5,ポップ,ユニーク,ディアソムニア,－
659,リリア ユニオンバースデーの写真①,R,装飾：壁装飾,,,2,6,5,3,1.5,ポップ,ユニーク,ディアソムニア,－
660,リリア ユニオンバースデーの写真②,SR,装飾：壁装飾,,,2,6,6,3,1.5,ポップ,ユニーク,ディアソムニア,－
661,リリア ブルームバースデーの写真①,R,装飾：壁装飾,,,2,6,5,3,1.5,ポップ,ユニーク,ディアソムニア,－
662,リリア ブルームバースデーの写真②,SR,装飾：壁装飾,,,2,6,6,3,1.5,ポップ,ユニーク,ディアソムニア,－
663,リリア クラブ・ウェアの写真①,R,装飾：壁装飾,,,2,6,5,3,1.5,ポップ,ユニーク,ディアソムニア,－
664,リリア クラブ・ウェアの写真②,SR,装飾：壁装飾,,,2,6,6,3,1.5,ポップ,ユニーク,ディアソムニア,－
